,Unnamed: 0,TrialIndex,StimType,Order,Delay,ScannerRun,TripletMemberA,TripletMemberB,TripletMemberC,Xcoordinate,Ycoordinate,Xcoordinate_lure1,Ycoordinate_lure1,Xcoordinate_lure2,Ycoordinate_lure2,Xcoordinate_foil,Ycoordinate_foil,Fill
0,0,1,LLP,1,2,1,,,,300.0,0.0,222.943447643218,200.739181907657,212.132034355964,212.132034355964,222.943447643218,200.739181907657,
1,1,2,ERP,1,2,1,,,,299.588860426372,15.7007868728831,280.074127949161,107.51038486359,242.705098312484,176.335575687742,280.074127949161,107.51038486359,
2,2,3,LLP,1,5,1,,,,298.356568610482,31.358538980296,212.132034355964,212.132034355964,222.943447643218,200.739181907657,212.132034355964,212.132034355964,
3,3,4,LLP,2,0,1,,,,300.0,0.0,222.943447643218,200.739181907657,212.132034355964,212.132034355964,222.943447643218,200.739181907657,
4,4,5,ERP,2,0,1,,,,299.588860426372,15.7007868728831,280.074127949161,107.51038486359,242.705098312484,176.335575687742,280.074127949161,107.51038486359,
5,5,6,OLP,1,8,1,,,,296.306502178541,46.9303395120693,188.79611731495098,233.143788437091,251.60117038362702,163.391710504508,188.79611731495098,233.143788437091,
6,6,7,LLP,1,4,1,,,,293.444280220142,62.37350724532779,299.588860426372,-15.7007868728833,212.132034355964,212.132034355964,299.588860426372,-15.7007868728833,
7,7,8,OLP,1,8,1,,,,289.77774788672,77.64571353075621,280.07412794916,-107.51038486359,212.132034355964,212.132034355964,280.07412794916,-107.51038486359,
8,8,9,LLP,2,0,1,,,,298.356568610482,31.358538980296,212.132034355964,212.132034355964,222.943447643218,200.739181907657,212.132034355964,212.132034355964,
9,9,10,OLP,1,5,1,,,,285.316954888546,92.70509831248421,299.588860426372,15.7007868728831,274.06363729278,-122.02099292273998,299.588860426372,15.7007868728831,
10,10,11,OLP,1,6,1,,,,280.074127949161,107.51038486359,274.06363729278,-122.02099292273998,233.143788437091,188.79611731495098,274.06363729278,-122.02099292273998,
11,11,12,LLP,2,0,1,,,,293.444280220142,62.37350724532779,299.588860426372,-15.7007868728833,212.132034355964,212.132034355964,299.588860426372,-15.7007868728833,
12,12,13,OLP,1,6,1,,,,274.06363729278,122.02099292273998,296.306502178541,-46.9303395120693,136.197149921864,267.30195725651004,296.306502178541,-46.9303395120693,
13,13,14,ERP,1,4,1,,,,267.30195725651004,136.197149921864,92.70509831248421,285.316954888546,242.705098312484,176.335575687742,92.70509831248421,285.316954888546,
14,14,15,OLP,2,0,1,,,,296.306502178541,46.9303395120693,188.79611731495098,233.143788437091,251.60117038362702,163.391710504508,188.79611731495098,233.143788437091,
15,15,16,OLP,2,0,1,,,,285.316954888546,92.70509831248421,299.588860426372,15.7007868728831,274.06363729278,-122.02099292273998,299.588860426372,15.7007868728831,
16,16,17,OLP,2,0,1,,,,289.77774788672,77.64571353075621,280.07412794916,-107.51038486359,212.132034355964,212.132034355964,280.07412794916,-107.51038486359,
17,17,18,OLP,2,0,1,,,,280.074127949161,107.51038486359,274.06363729278,-122.02099292273998,233.143788437091,188.79611731495098,274.06363729278,-122.02099292273998,
18,18,19,ERP,2,0,1,,,,267.30195725651004,136.197149921864,92.70509831248421,285.316954888546,242.705098312484,176.335575687742,92.70509831248421,285.316954888546,
19,19,20,OLP,2,0,1,,,,274.06363729278,122.02099292273998,296.306502178541,-46.9303395120693,136.197149921864,267.30195725651004,296.306502178541,-46.9303395120693,
20,20,21,BL,0,0,1,,,,259.8076211,150.0,,,,,,,
21,21,22,OLP,1,2,1,,,,259.807621135332,150.0,176.335575687742,242.705098312484,200.739181907657,222.943447643218,176.335575687742,242.705098312484,
22,22,23,OLP,1,6,1,,,,251.60117038362702,163.391710504508,176.335575687742,242.705098312484,200.739181907657,222.943447643218,176.335575687742,242.705098312484,
23,23,24,OLP,1,2,1,,,,242.705098312484,176.335575687742,285.316954888546,92.70509831248421,92.70509831248421,285.316954888546,285.316954888546,92.70509831248421,
24,24,25,OLP,2,0,1,,,,259.807621135332,150.0,176.335575687742,242.705098312484,200.739181907657,222.943447643218,176.335575687742,242.705098312484,
25,25,26,LLP,1,8,1,,,,233.143788437091,188.79611731495098,289.77774788672,77.64571353075621,296.306502178541,46.9303395120693,289.77774788672,77.64571353075621,
26,26,27,OLP,2,0,1,,,,242.705098312484,176.335575687742,285.316954888546,92.70509831248421,92.70509831248421,285.316954888546,285.316954888546,92.70509831248421,
27,27,28,LLP,1,4,1,,,,222.943447643218,200.739181907657,122.02099292273998,274.06363729278,296.306502178541,46.9303395120693,122.02099292273998,274.06363729278,
28,28,29,ERP,1,8,1,,,,212.132034355964,212.132034355964,267.30195725651004,136.197149921864,163.391710504508,251.60117038362702,267.30195725651004,136.197149921864,
29,29,30,OLP,2,0,1,,,,251.60117038362702,163.391710504508,176.335575687742,242.705098312484,200.739181907657,222.943447643218,176.335575687742,242.705098312484,
30,30,31,LLP,1,5,1,,,,200.739181907657,222.943447643218,1.83697019872103e-14,300.0,280.074127949161,107.51038486359,1.83697019872103e-14,300.0,
31,31,32,OLP,1,6,1,,,,188.79611731495098,233.143788437091,-31.358538980296,298.356568610482,107.51038486359,280.074127949161,-31.358538980296,298.356568610482,
32,32,33,LLP,2,0,1,,,,222.943447643218,200.739181907657,122.02099292273998,274.06363729278,296.306502178541,46.9303395120693,122.02099292273998,274.06363729278,
33,33,34,OLP,1,5,1,,,,176.335575687742,242.705098312484,-15.7007868728831,299.588860426372,267.30195725651004,136.197149921864,-15.7007868728831,299.588860426372,
34,34,35,LLP,2,0,1,,,,233.143788437091,188.79611731495098,289.77774788672,77.64571353075621,296.306502178541,46.9303395120693,289.77774788672,77.64571353075621,
35,35,36,LLP,1,4,1,,,,163.391710504508,251.60117038362702,122.02099292273998,274.06363729278,200.739181907657,222.943447643218,122.02099292273998,274.06363729278,
36,36,37,LLP,2,0,1,,,,200.739181907657,222.943447643218,1.83697019872103e-14,300.0,280.074127949161,107.51038486359,1.83697019872103e-14,300.0,
37,37,38,ERP,2,0,1,,,,212.132034355964,212.132034355964,267.30195725651004,136.197149921864,163.391710504508,251.60117038362702,267.30195725651004,136.197149921864,
38,38,39,OLP,2,0,1,,,,188.79611731495098,233.143788437091,-31.358538980296,298.356568610482,107.51038486359,280.074127949161,-31.358538980296,298.356568610482,
39,39,40,OLP,2,0,1,,,,176.335575687742,242.705098312484,-15.7007868728831,299.588860426372,267.30195725651004,136.197149921864,-15.7007868728831,299.588860426372,
40,40,41,LLP,2,0,1,,,,163.391710504508,251.60117038362702,122.02099292273998,274.06363729278,200.739181907657,222.943447643218,122.02099292273998,274.06363729278,
41,41,42,BL,0,0,1,,,,259.8076211,150.0,,,,,,,
42,42,43,LLP,1,5,1,,,,150.0,259.807621135332,92.70509831248421,285.316954888546,46.9303395120693,296.306502178541,92.70509831248421,285.316954888546,
43,43,44,OLP,1,8,1,,,,136.197149921864,267.30195725651004,259.807621135332,150.0,222.943447643218,200.739181907657,259.807621135332,150.0,
44,44,45,ERP,1,6,1,,,,122.02099292273998,274.06363729278,46.9303395120693,296.306502178541,267.30195725651004,136.197149921864,46.9303395120693,296.306502178541,
45,45,46,LLP,1,4,1,,,,107.51038486359,280.074127949161,150.0,259.807621135332,62.37350724532779,293.444280220142,150.0,259.807621135332,
46,46,47,ERP,1,8,1,,,,92.70509831248421,285.316954888546,251.60117038362702,163.391710504508,222.943447643218,200.739181907657,251.60117038362702,163.391710504508,
47,47,48,OLP,1,5,1,,,,77.6457135307563,289.77774788672,-92.70509831248421,285.316954888546,-122.02099292273998,274.06363729278,-92.70509831248421,285.316954888546,
48,48,49,LLP,2,0,1,,,,150.0,259.807621135332,92.70509831248421,285.316954888546,46.9303395120693,296.306502178541,92.70509831248421,285.316954888546,
49,49,50,OLP,1,6,1,,,,62.37350724532779,293.444280220142,233.143788437091,188.79611731495098,-15.7007868728831,299.588860426372,233.143788437091,188.79611731495098,
50,50,51,LLP,2,0,1,,,,107.51038486359,280.074127949161,150.0,259.807621135332,62.37350724532779,293.444280220142,150.0,259.807621135332,
51,51,52,ERP,2,0,1,,,,122.02099292273998,274.06363729278,46.9303395120693,296.306502178541,267.30195725651004,136.197149921864,46.9303395120693,296.306502178541,
52,52,53,OLP,2,0,1,,,,136.197149921864,267.30195725651004,259.807621135332,150.0,222.943447643218,200.739181907657,259.807621135332,150.0,
53,53,54,OLP,2,0,1,,,,77.6457135307563,289.77774788672,-92.70509831248421,285.316954888546,-122.02099292273998,274.06363729278,-92.70509831248421,285.316954888546,
54,54,55,ERP,1,4,1,,,,46.9303395120693,296.306502178541,92.70509831248421,285.316954888546,-62.3735072453277,293.444280220142,92.70509831248421,285.316954888546,
55,55,56,ERP,2,0,1,,,,92.70509831248421,285.316954888546,251.60117038362702,163.391710504508,222.943447643218,200.739181907657,251.60117038362702,163.391710504508,
56,56,57,OLP,2,0,1,,,,62.37350724532779,293.444280220142,233.143788437091,188.79611731495098,-15.7007868728831,299.588860426372,233.143788437091,188.79611731495098,
57,57,58,ERP,1,2,1,,,,31.358538980296107,298.356568610482,200.739181907657,222.943447643218,-136.197149921864,267.30195725651004,200.739181907657,222.943447643218,
58,58,59,OLP,1,2,1,,,,15.700786872883198,299.588860426372,62.37350724532779,293.444280220142,150.0,259.807621135332,62.37350724532779,293.444280220142,
59,59,60,ERP,2,0,1,,,,46.9303395120693,296.306502178541,92.70509831248421,285.316954888546,-62.3735072453277,293.444280220142,92.70509831248421,285.316954888546,
60,60,61,ERP,2,0,1,,,,31.358538980296107,298.356568610482,200.739181907657,222.943447643218,-136.197149921864,267.30195725651004,200.739181907657,222.943447643218,
61,61,62,OLP,2,0,1,,,,15.700786872883198,299.588860426372,62.37350724532779,293.444280220142,150.0,259.807621135332,62.37350724532779,293.444280220142,
62,62,63,BL,0,0,1,,,,259.8076211,150.0,,,,,,,
63,63,64,OLP,1,4,1,,,,1.83697019872103e-14,300.0,150.0,259.807621135332,-200.739181907657,222.943447643218,150.0,259.807621135332,
64,64,65,OLP,1,2,1,,,,-15.7007868728831,299.588860426372,163.391710504508,251.60117038362702,136.197149921864,267.30195725651004,163.391710504508,251.60117038362702,
65,65,66,ERP,1,6,1,,,,-31.358538980296,298.356568610482,150.0,259.807621135332,77.6457135307563,289.77774788672,150.0,259.807621135332,
66,66,67,LLP,1,4,1,,,,-46.9303395120692,296.306502178541,46.9303395120693,296.306502178541,-92.70509831248421,285.316954888546,46.9303395120693,296.306502178541,
67,67,68,OLP,2,0,1,,,,-15.7007868728831,299.588860426372,163.391710504508,251.60117038362702,136.197149921864,267.30195725651004,163.391710504508,251.60117038362702,
68,68,69,OLP,2,0,1,,,,1.83697019872103e-14,300.0,150.0,259.807621135332,-200.739181907657,222.943447643218,150.0,259.807621135332,
69,69,70,LLP,1,8,1,,,,-62.3735072453277,293.444280220142,-222.943447643218,200.739181907658,122.02099292273998,274.06363729278,-222.943447643218,200.739181907658,
70,70,71,OLP,1,6,1,,,,-77.64571353075621,289.77774788672,-212.132034355964,212.132034355964,-222.943447643218,200.739181907658,-212.132034355964,212.132034355964,
71,71,72,LLP,2,0,1,,,,-46.9303395120692,296.306502178541,46.9303395120693,296.306502178541,-92.70509831248421,285.316954888546,46.9303395120693,296.306502178541,
72,72,73,ERP,2,0,1,,,,-31.358538980296,298.356568610482,150.0,259.807621135332,77.6457135307563,289.77774788672,150.0,259.807621135332,
73,73,74,OLP,1,8,1,,,,-92.70509831248421,285.316954888546,122.02099292273998,274.06363729278,122.02099292273998,274.06363729278,122.02099292273998,274.06363729278,
74,74,75,OLP,1,5,1,,,,-107.51038486359,280.074127949161,-242.705098312484,176.335575687742,15.700786872883198,299.588860426372,-242.705098312484,176.335575687742,
75,75,76,LLP,1,5,1,,,,-122.02099292273998,274.06363729278,31.358538980296107,298.356568610482,31.358538980296107,298.356568610482,31.358538980296107,298.356568610482,
76,76,77,OLP,1,2,1,,,,-136.197149921864,267.30195725651004,-15.7007868728831,299.588860426372,-285.316954888546,92.7050983124843,-15.7007868728831,299.588860426372,
77,77,78,OLP,2,0,1,,,,-77.64571353075621,289.77774788672,-212.132034355964,212.132034355964,-222.943447643218,200.739181907658,-212.132034355964,212.132034355964,
78,78,79,LLP,2,0,1,,,,-62.3735072453277,293.444280220142,-222.943447643218,200.739181907658,122.02099292273998,274.06363729278,-222.943447643218,200.739181907658,
79,79,80,OLP,2,0,1,,,,-136.197149921864,267.30195725651004,-15.7007868728831,299.588860426372,-285.316954888546,92.7050983124843,-15.7007868728831,299.588860426372,
80,80,81,OLP,2,0,1,,,,-107.51038486359,280.074127949161,-242.705098312484,176.335575687742,15.700786872883198,299.588860426372,-242.705098312484,176.335575687742,
81,81,82,LLP,2,0,1,,,,-122.02099292273998,274.06363729278,31.358538980296107,298.356568610482,31.358538980296107,298.356568610482,31.358538980296107,298.356568610482,
82,82,83,OLP,2,0,1,,,,-92.70509831248421,285.316954888546,122.02099292273998,274.06363729278,122.02099292273998,274.06363729278,122.02099292273998,274.06363729278,
83,83,84,BL,0,0,1,,,,259.8076211,150.0,,,,,,,
84,84,85,ERP,1,6,2,,,,-150.0,259.807621135332,-46.9303395120692,296.306502178541,-107.51038486359,280.074127949161,-46.9303395120692,296.306502178541,
85,85,86,LLP,1,2,2,,,,-163.391710504508,251.60117038362702,-212.132034355964,212.132034355964,-212.132034355964,212.132034355964,-212.132034355964,212.132034355964,
86,86,87,OLP,1,5,2,,,,-176.335575687742,242.705098312484,-46.9303395120692,296.306502178541,-212.132034355964,212.132034355964,-46.9303395120692,296.306502178541,
87,87,88,LLP,1,6,2,,,,-188.79611731495098,233.143788437091,-267.30195725651004,136.197149921864,-285.316954888546,92.7050983124843,-267.30195725651004,136.197149921864,
88,88,89,LLP,2,0,2,,,,-163.391710504508,251.60117038362702,-212.132034355964,212.132034355964,-212.132034355964,212.132034355964,-212.132034355964,212.132034355964,
89,89,90,OLP,1,5,2,,,,-200.739181907657,222.943447643218,-46.9303395120692,296.306502178541,15.700786872883198,299.588860426372,-46.9303395120692,296.306502178541,
90,90,91,OLP,1,8,2,,,,-212.132034355964,212.132034355964,-296.306502178541,46.9303395120693,-259.807621135332,150.0,-296.306502178541,46.9303395120693,
91,91,92,ERP,2,0,2,,,,-150.0,259.807621135332,-46.9303395120692,296.306502178541,-107.51038486359,280.074127949161,-46.9303395120692,296.306502178541,
92,92,93,OLP,2,0,2,,,,-176.335575687742,242.705098312484,-46.9303395120692,296.306502178541,-212.132034355964,212.132034355964,-46.9303395120692,296.306502178541,
93,93,94,ERP,1,8,2,,,,-222.943447643218,200.739181907658,-285.316954888546,92.7050983124843,-163.391710504508,251.60117038362702,-285.316954888546,92.7050983124843,
94,94,95,LLP,2,0,2,,,,-188.79611731495098,233.143788437091,-267.30195725651004,136.197149921864,-285.316954888546,92.7050983124843,-267.30195725651004,136.197149921864,
95,95,96,OLP,2,0,2,,,,-200.739181907657,222.943447643218,-46.9303395120692,296.306502178541,15.700786872883198,299.588860426372,-46.9303395120692,296.306502178541,
96,96,97,ERP,1,4,2,,,,-233.143788437091,188.79611731495098,-298.356568610482,-31.358538980295897,-289.77774788672,77.6457135307563,-298.356568610482,-31.358538980295897,
97,97,98,ERP,1,2,2,,,,-242.705098312484,176.335575687742,-163.391710504508,251.60117038362702,-289.77774788672,77.6457135307563,-163.391710504508,251.60117038362702,
98,98,99,ERP,1,4,2,,,,-251.60117038362702,163.391710504508,-293.444280220142,62.3735072453279,-289.77774788672,77.6457135307563,-293.444280220142,62.3735072453279,
99,99,100,OLP,2,0,2,,,,-212.132034355964,212.132034355964,-296.306502178541,46.9303395120693,-259.807621135332,150.0,-296.306502178541,46.9303395120693,
100,100,101,ERP,2,0,2,,,,-242.705098312484,176.335575687742,-163.391710504508,251.60117038362702,-289.77774788672,77.6457135307563,-163.391710504508,251.60117038362702,
101,101,102,ERP,2,0,2,,,,-233.143788437091,188.79611731495098,-298.356568610482,-31.358538980295897,-289.77774788672,77.6457135307563,-298.356568610482,-31.358538980295897,
102,102,103,ERP,2,0,2,,,,-222.943447643218,200.739181907658,-285.316954888546,92.7050983124843,-163.391710504508,251.60117038362702,-285.316954888546,92.7050983124843,
103,103,104,ERP,2,0,2,,,,-251.60117038362702,163.391710504508,-293.444280220142,62.3735072453279,-289.77774788672,77.6457135307563,-293.444280220142,62.3735072453279,
104,104,105,BL,0,0,2,,,,259.8076211,150.0,,,,,,,
105,105,106,OLP,1,5,2,,,,-259.807621135332,150.0,-77.64571353075621,289.77774788672,-300.0,3.67394039744206e-14,-77.64571353075621,289.77774788672,
106,106,107,LLP,1,6,2,,,,-267.30195725651004,136.197149921864,-293.444280220142,-62.3735072453277,-289.77774788672,77.6457135307563,-293.444280220142,-62.3735072453277,
107,107,108,ERP,1,4,2,,,,-274.06363729278,122.02099292273998,-136.197149921864,267.30195725651004,-200.739181907657,222.943447643218,-136.197149921864,267.30195725651004,
108,108,109,LLP,1,8,2,,,,-280.07412794916,107.51038486359,-299.588860426372,15.7007868728833,-298.356568610482,-31.358538980295897,-299.588860426372,15.7007868728833,
109,109,110,OLP,1,8,2,,,,-285.316954888546,92.7050983124843,-200.739181907657,222.943447643218,-242.705098312484,176.335575687742,-200.739181907657,222.943447643218,
110,110,111,ERP,1,4,2,,,,-289.77774788672,77.6457135307563,-298.356568610482,31.358538980296107,-251.60117038362702,163.391710504508,-298.356568610482,31.358538980296107,
111,111,112,OLP,2,0,2,,,,-259.807621135332,150.0,-77.64571353075621,289.77774788672,-300.0,3.67394039744206e-14,-77.64571353075621,289.77774788672,
112,112,113,ERP,2,0,2,,,,-274.06363729278,122.02099292273998,-136.197149921864,267.30195725651004,-200.739181907657,222.943447643218,-136.197149921864,267.30195725651004,
113,113,114,LLP,2,0,2,,,,-267.30195725651004,136.197149921864,-293.444280220142,-62.3735072453277,-289.77774788672,77.6457135307563,-293.444280220142,-62.3735072453277,
114,114,115,ERP,1,5,2,,,,-293.444280220142,62.3735072453279,-298.356568610482,-31.358538980295897,-267.30195725651004,-136.197149921864,-298.356568610482,-31.358538980295897,
115,115,116,ERP,2,0,2,,,,-289.77774788672,77.6457135307563,-298.356568610482,31.358538980296107,-251.60117038362702,163.391710504508,-298.356568610482,31.358538980296107,
116,116,117,ERP,1,6,2,,,,-296.306502178541,46.9303395120693,-233.143788437091,188.79611731495098,-280.074127949161,-107.51038486359,-233.143788437091,188.79611731495098,
117,117,118,LLP,2,0,2,,,,-280.07412794916,107.51038486359,-299.588860426372,15.7007868728833,-298.356568610482,-31.358538980295897,-299.588860426372,15.7007868728833,
118,118,119,OLP,2,0,2,,,,-285.316954888546,92.7050983124843,-200.739181907657,222.943447643218,-242.705098312484,176.335575687742,-200.739181907657,222.943447643218,
119,119,120,OLP,1,2,2,,,,-298.356568610482,31.358538980296107,-289.777747886721,-77.6457135307561,-267.30195725651004,136.197149921864,-289.777747886721,-77.6457135307561,
120,120,121,ERP,2,0,2,,,,-293.444280220142,62.3735072453279,-298.356568610482,-31.358538980295897,-267.30195725651004,-136.197149921864,-298.356568610482,-31.358538980295897,
121,121,122,OLP,1,2,2,,,,-299.588860426372,15.7007868728833,-233.143788437091,188.79611731495098,-242.705098312484,176.335575687742,-233.143788437091,188.79611731495098,
122,122,123,OLP,2,0,2,,,,-298.356568610482,31.358538980296107,-289.777747886721,-77.6457135307561,-267.30195725651004,136.197149921864,-289.777747886721,-77.6457135307561,
123,123,124,ERP,2,0,2,,,,-296.306502178541,46.9303395120693,-233.143788437091,188.79611731495098,-280.074127949161,-107.51038486359,-233.143788437091,188.79611731495098,
124,124,125,OLP,2,0,2,,,,-299.588860426372,15.7007868728833,-233.143788437091,188.79611731495098,-242.705098312484,176.335575687742,-233.143788437091,188.79611731495098,
125,125,126,BL,0,0,2,,,,259.8076211,150.0,,,,,,,
126,126,127,ERP,1,8,2,,,,-300.0,3.67394039744206e-14,-259.807621135332,-150.0,-222.943447643218,-200.739181907657,-259.807621135332,-150.0,
127,127,128,LLP,1,2,2,,,,-299.588860426372,-15.7007868728831,-242.705098312484,176.335575687742,-293.444280220142,-62.3735072453277,-242.705098312484,176.335575687742,
128,128,129,LLP,1,4,2,,,,-298.356568610482,-31.358538980295897,-274.06363729278,-122.02099292273998,-280.074127949161,-107.51038486359,-274.06363729278,-122.02099292273998,
129,129,130,ERP,1,6,2,,,,-296.306502178541,-46.9303395120692,-299.588860426372,15.7007868728833,-280.074127949161,-107.51038486359,-299.588860426372,15.7007868728833,
130,130,131,LLP,2,0,2,,,,-299.588860426372,-15.7007868728831,-242.705098312484,176.335575687742,-293.444280220142,-62.3735072453277,-242.705098312484,176.335575687742,
131,131,132,ERP,1,8,2,,,,-293.444280220142,-62.3735072453277,-296.306502178541,46.9303395120693,-296.306502178541,46.9303395120693,-296.306502178541,46.9303395120693,
132,132,133,OLP,1,5,2,,,,-289.777747886721,-77.6457135307561,-296.306502178541,46.9303395120693,-188.79611731495098,-233.143788437091,-296.306502178541,46.9303395120693,
133,133,134,LLP,2,0,2,,,,-298.356568610482,-31.358538980295897,-274.06363729278,-122.02099292273998,-280.074127949161,-107.51038486359,-274.06363729278,-122.02099292273998,
134,134,135,LLP,1,6,2,,,,-285.316954888546,-92.70509831248421,-136.197149921864,-267.30195725651004,-299.588860426372,15.7007868728833,-136.197149921864,-267.30195725651004,
135,135,136,ERP,2,0,2,,,,-300.0,3.67394039744206e-14,-259.807621135332,-150.0,-222.943447643218,-200.739181907657,-259.807621135332,-150.0,
136,136,137,ERP,2,0,2,,,,-296.306502178541,-46.9303395120692,-299.588860426372,15.7007868728833,-280.074127949161,-107.51038486359,-299.588860426372,15.7007868728833,
137,137,138,OLP,1,5,2,,,,-280.074127949161,-107.51038486359,-188.79611731495098,-233.143788437091,-242.705098312484,-176.335575687742,-188.79611731495098,-233.143788437091,
138,138,139,OLP,2,0,2,,,,-289.777747886721,-77.6457135307561,-296.306502178541,46.9303395120693,-188.79611731495098,-233.143788437091,-296.306502178541,46.9303395120693,
139,139,140,ERP,1,4,2,,,,-274.06363729278,-122.02099292273998,-280.07412794916,107.51038486359,-188.79611731495098,-233.143788437091,-280.07412794916,107.51038486359,
140,140,141,ERP,2,0,2,,,,-293.444280220142,-62.3735072453277,-296.306502178541,46.9303395120693,-296.306502178541,46.9303395120693,-296.306502178541,46.9303395120693,
141,141,142,LLP,2,0,2,,,,-285.316954888546,-92.70509831248421,-136.197149921864,-267.30195725651004,-299.588860426372,15.7007868728833,-136.197149921864,-267.30195725651004,
142,142,143,LLP,1,2,2,,,,-267.30195725651004,-136.197149921864,-92.7050983124843,-285.316954888546,-293.444280220142,62.3735072453279,-92.7050983124843,-285.316954888546,
143,143,144,OLP,2,0,2,,,,-280.074127949161,-107.51038486359,-188.79611731495098,-233.143788437091,-242.705098312484,-176.335575687742,-188.79611731495098,-233.143788437091,
144,144,145,ERP,2,0,2,,,,-274.06363729278,-122.02099292273998,-280.07412794916,107.51038486359,-188.79611731495098,-233.143788437091,-280.07412794916,107.51038486359,
145,145,146,LLP,2,0,2,,,,-267.30195725651004,-136.197149921864,-92.7050983124843,-285.316954888546,-293.444280220142,62.3735072453279,-92.7050983124843,-285.316954888546,
146,146,147,BL,0,0,2,,,,259.8076211,150.0,,,,,,,
147,147,148,LLP,1,2,2,,,,-259.807621135332,-150.0,-280.074127949161,-107.51038486359,-293.444280220142,62.3735072453279,-280.074127949161,-107.51038486359,
148,148,149,LLP,1,2,2,,,,-251.60117038362702,-163.391710504508,-299.588860426372,-15.7007868728831,-300.0,3.67394039744206e-14,-299.588860426372,-15.7007868728831,
149,149,150,ERP,1,6,2,,,,-242.705098312484,-176.335575687742,-136.197149921864,-267.30195725651004,-200.739181907658,-222.943447643218,-136.197149921864,-267.30195725651004,
150,150,151,LLP,2,0,2,,,,-259.807621135332,-150.0,-280.074127949161,-107.51038486359,-293.444280220142,62.3735072453279,-280.074127949161,-107.51038486359,
151,151,152,LLP,2,0,2,,,,-251.60117038362702,-163.391710504508,-299.588860426372,-15.7007868728831,-300.0,3.67394039744206e-14,-299.588860426372,-15.7007868728831,
152,152,153,LLP,1,5,2,,,,-233.143788437091,-188.79611731495098,-46.9303395120693,-296.306502178541,-46.9303395120693,-296.306502178541,-46.9303395120693,-296.306502178541,
153,153,154,LLP,1,6,2,,,,-222.943447643218,-200.739181907657,-188.79611731495098,-233.143788437091,-77.6457135307565,-289.77774788672,-188.79611731495098,-233.143788437091,
154,154,155,OLP,1,8,2,,,,-212.132034355964,-212.132034355964,-285.316954888546,-92.70509831248421,-31.358538980296306,-298.356568610482,-285.316954888546,-92.70509831248421,
155,155,156,OLP,1,8,2,,,,-200.739181907658,-222.943447643218,-122.02099292273998,-274.06363729278,-163.391710504508,-251.60117038362702,-122.02099292273998,-274.06363729278,
156,156,157,ERP,2,0,2,,,,-242.705098312484,-176.335575687742,-136.197149921864,-267.30195725651004,-200.739181907658,-222.943447643218,-136.197149921864,-267.30195725651004,
157,157,158,OLP,1,4,2,,,,-188.79611731495098,-233.143788437091,-251.60117038362702,-163.391710504508,-251.60117038362702,-163.391710504508,-251.60117038362702,-163.391710504508,
158,158,159,LLP,2,0,2,,,,-233.143788437091,-188.79611731495098,-46.9303395120693,-296.306502178541,-46.9303395120693,-296.306502178541,-46.9303395120693,-296.306502178541,
159,159,160,ERP,1,5,2,,,,-176.335575687742,-242.705098312484,-274.06363729278,-122.02099292273998,-259.807621135332,-150.0,-274.06363729278,-122.02099292273998,
160,160,161,LLP,2,0,2,,,,-222.943447643218,-200.739181907657,-188.79611731495098,-233.143788437091,-77.6457135307565,-289.77774788672,-188.79611731495098,-233.143788437091,
161,161,162,ERP,1,4,2,,,,-163.391710504508,-251.60117038362702,-233.143788437091,-188.79611731495098,-280.074127949161,-107.51038486359,-233.143788437091,-188.79611731495098,
162,162,163,OLP,2,0,2,,,,-188.79611731495098,-233.143788437091,-251.60117038362702,-163.391710504508,-251.60117038362702,-163.391710504508,-251.60117038362702,-163.391710504508,
163,163,164,OLP,2,0,2,,,,-212.132034355964,-212.132034355964,-285.316954888546,-92.70509831248421,-31.358538980296306,-298.356568610482,-285.316954888546,-92.70509831248421,
164,164,165,OLP,2,0,2,,,,-200.739181907658,-222.943447643218,-122.02099292273998,-274.06363729278,-163.391710504508,-251.60117038362702,-122.02099292273998,-274.06363729278,
165,165,166,ERP,2,0,2,,,,-176.335575687742,-242.705098312484,-274.06363729278,-122.02099292273998,-259.807621135332,-150.0,-274.06363729278,-122.02099292273998,
166,166,167,ERP,2,0,2,,,,-163.391710504508,-251.60117038362702,-233.143788437091,-188.79611731495098,-280.074127949161,-107.51038486359,-233.143788437091,-188.79611731495098,
167,167,168,BL,0,0,2,,,,259.8076211,150.0,,,,,,,
168,168,169,OLP,1,2,3,,,,-150.0,-259.807621135332,-5.510910596163089e-14,-300.0,-251.60117038362702,-163.391710504508,-5.510910596163089e-14,-300.0,
169,169,170,ERP,1,5,3,,,,-136.197149921864,-267.30195725651004,-92.7050983124843,-285.316954888546,-212.132034355964,-212.132034355964,-92.7050983124843,-285.316954888546,
170,170,171,OLP,1,2,3,,,,-122.02099292273998,-274.06363729278,-5.510910596163089e-14,-300.0,-274.06363729278,-122.02099292273998,-5.510910596163089e-14,-300.0,
171,171,172,OLP,2,0,3,,,,-150.0,-259.807621135332,-5.510910596163089e-14,-300.0,-251.60117038362702,-163.391710504508,-5.510910596163089e-14,-300.0,
172,172,173,OLP,1,6,3,,,,-107.51038486359,-280.07412794916,-233.143788437091,-188.79611731495098,-31.358538980296306,-298.356568610482,-233.143788437091,-188.79611731495098,
173,173,174,OLP,2,0,3,,,,-122.02099292273998,-274.06363729278,-5.510910596163089e-14,-300.0,-274.06363729278,-122.02099292273998,-5.510910596163089e-14,-300.0,
174,174,175,LLP,1,8,3,,,,-92.7050983124843,-285.316954888546,92.70509831248421,-285.316954888546,-267.30195725651004,-136.197149921864,92.70509831248421,-285.316954888546,
175,175,176,ERP,2,0,3,,,,-136.197149921864,-267.30195725651004,-92.7050983124843,-285.316954888546,-212.132034355964,-212.132034355964,-92.7050983124843,-285.316954888546,
176,176,177,ERP,1,8,3,,,,-77.6457135307565,-289.77774788672,-31.358538980296306,-298.356568610482,92.70509831248421,-285.316954888546,-31.358538980296306,-298.356568610482,
177,177,178,LLP,1,4,3,,,,-62.3735072453279,-293.444280220142,-163.391710504508,-251.60117038362702,92.70509831248421,-285.316954888546,-163.391710504508,-251.60117038362702,
178,178,179,ERP,1,5,3,,,,-46.9303395120693,-296.306502178541,46.9303395120692,-296.306502178541,-188.79611731495098,-233.143788437091,46.9303395120692,-296.306502178541,
179,179,180,OLP,2,0,3,,,,-107.51038486359,-280.07412794916,-233.143788437091,-188.79611731495098,-31.358538980296306,-298.356568610482,-233.143788437091,-188.79611731495098,
180,180,181,ERP,1,6,3,,,,-31.358538980296306,-298.356568610482,-233.143788437091,-188.79611731495098,-107.51038486359,-280.07412794916,-233.143788437091,-188.79611731495098,
181,181,182,ERP,1,4,3,,,,-15.7007868728833,-299.588860426372,46.9303395120692,-296.306502178541,-176.335575687742,-242.705098312484,46.9303395120692,-296.306502178541,
182,182,183,LLP,2,0,3,,,,-62.3735072453279,-293.444280220142,-163.391710504508,-251.60117038362702,92.70509831248421,-285.316954888546,-163.391710504508,-251.60117038362702,
183,183,184,LLP,2,0,3,,,,-92.7050983124843,-285.316954888546,92.70509831248421,-285.316954888546,-267.30195725651004,-136.197149921864,92.70509831248421,-285.316954888546,
184,184,185,ERP,2,0,3,,,,-46.9303395120693,-296.306502178541,46.9303395120692,-296.306502178541,-188.79611731495098,-233.143788437091,46.9303395120692,-296.306502178541,
185,185,186,ERP,2,0,3,,,,-77.6457135307565,-289.77774788672,-31.358538980296306,-298.356568610482,92.70509831248421,-285.316954888546,-31.358538980296306,-298.356568610482,
186,186,187,ERP,2,0,3,,,,-15.7007868728833,-299.588860426372,46.9303395120692,-296.306502178541,-176.335575687742,-242.705098312484,46.9303395120692,-296.306502178541,
187,187,188,ERP,2,0,3,,,,-31.358538980296306,-298.356568610482,-233.143788437091,-188.79611731495098,-107.51038486359,-280.07412794916,-233.143788437091,-188.79611731495098,
188,188,189,BL,0,0,3,,,,259.8076211,150.0,,,,,,,
189,189,190,ERP,1,6,3,,,,-5.510910596163089e-14,-300.0,200.739181907657,-222.943447643218,163.391710504508,-251.60117038362702,200.739181907657,-222.943447643218,
190,190,191,ERP,1,8,3,,,,15.700786872882901,-299.588860426372,-176.335575687742,-242.705098312484,-176.335575687742,-242.705098312484,-176.335575687742,-242.705098312484,
191,191,192,LLP,1,2,3,,,,31.358538980295897,-298.356568610482,-92.7050983124843,-285.316954888546,-163.391710504508,-251.60117038362702,-92.7050983124843,-285.316954888546,
192,192,193,ERP,1,5,3,,,,46.9303395120692,-296.306502178541,-150.0,-259.807621135332,122.02099292273998,-274.06363729278,-150.0,-259.807621135332,
193,193,194,ERP,1,6,3,,,,62.37350724532761,-293.444280220142,188.79611731495098,-233.143788437091,-15.7007868728833,-299.588860426372,188.79611731495098,-233.143788437091,
194,194,195,LLP,2,0,3,,,,31.358538980295897,-298.356568610482,-92.7050983124843,-285.316954888546,-163.391710504508,-251.60117038362702,-92.7050983124843,-285.316954888546,
195,195,196,LLP,1,8,3,,,,77.6457135307561,-289.777747886721,-92.7050983124843,-285.316954888546,233.143788437091,-188.79611731495098,-92.7050983124843,-285.316954888546,
196,196,197,ERP,2,0,3,,,,-5.510910596163089e-14,-300.0,200.739181907657,-222.943447643218,163.391710504508,-251.60117038362702,200.739181907657,-222.943447643218,
197,197,198,OLP,1,5,3,,,,92.70509831248421,-285.316954888546,-15.7007868728833,-299.588860426372,267.30195725651004,-136.197149921864,-15.7007868728833,-299.588860426372,
198,198,199,ERP,2,0,3,,,,46.9303395120692,-296.306502178541,-150.0,-259.807621135332,122.02099292273998,-274.06363729278,-150.0,-259.807621135332,
199,199,200,ERP,2,0,3,,,,15.700786872882901,-299.588860426372,-176.335575687742,-242.705098312484,-176.335575687742,-242.705098312484,-176.335575687742,-242.705098312484,
200,200,201,ERP,2,0,3,,,,62.37350724532761,-293.444280220142,188.79611731495098,-233.143788437091,-15.7007868728833,-299.588860426372,188.79611731495098,-233.143788437091,
201,201,202,LLP,1,4,3,,,,107.51038486359,-280.074127949161,242.705098312484,-176.335575687742,200.739181907657,-222.943447643218,242.705098312484,-176.335575687742,
202,202,203,LLP,1,4,3,,,,122.02099292273998,-274.06363729278,274.06363729278,-122.02099292273998,15.700786872882901,-299.588860426372,274.06363729278,-122.02099292273998,
203,203,204,OLP,2,0,3,,,,92.70509831248421,-285.316954888546,-15.7007868728833,-299.588860426372,267.30195725651004,-136.197149921864,-15.7007868728833,-299.588860426372,
204,204,205,LLP,2,0,3,,,,77.6457135307561,-289.777747886721,-92.7050983124843,-285.316954888546,233.143788437091,-188.79611731495098,-92.7050983124843,-285.316954888546,
205,205,206,OLP,1,2,3,,,,136.197149921864,-267.30195725651004,222.943447643218,-200.739181907658,-77.6457135307565,-289.77774788672,222.943447643218,-200.739181907658,
206,206,207,LLP,2,0,3,,,,107.51038486359,-280.074127949161,242.705098312484,-176.335575687742,200.739181907657,-222.943447643218,242.705098312484,-176.335575687742,
207,207,208,LLP,2,0,3,,,,122.02099292273998,-274.06363729278,274.06363729278,-122.02099292273998,15.700786872882901,-299.588860426372,274.06363729278,-122.02099292273998,
208,208,209,OLP,2,0,3,,,,136.197149921864,-267.30195725651004,222.943447643218,-200.739181907658,-77.6457135307565,-289.77774788672,222.943447643218,-200.739181907658,
209,209,210,BL,0,0,3,,,,259.8076211,150.0,,,,,,,
210,210,211,LLP,1,4,3,,,,150.0,-259.807621135332,-46.9303395120693,-296.306502178541,267.30195725651004,-136.197149921864,-46.9303395120693,-296.306502178541,
211,211,212,LLP,1,8,3,,,,163.391710504508,-251.60117038362702,107.51038486359,-280.074127949161,92.70509831248421,-285.316954888546,107.51038486359,-280.074127949161,
212,212,213,OLP,1,4,3,,,,176.335575687742,-242.705098312484,274.06363729278,-122.02099292273998,242.705098312484,-176.335575687742,274.06363729278,-122.02099292273998,
213,213,214,ERP,1,5,3,,,,188.79611731495098,-233.143788437091,259.807621135331,-150.0,289.77774788672,-77.6457135307565,259.807621135331,-150.0,
214,214,215,ERP,1,8,3,,,,200.739181907657,-222.943447643218,62.37350724532761,-293.444280220142,298.356568610482,-31.358538980296306,62.37350724532761,-293.444280220142,
215,215,216,LLP,2,0,3,,,,150.0,-259.807621135332,-46.9303395120693,-296.306502178541,267.30195725651004,-136.197149921864,-46.9303395120693,-296.306502178541,
216,216,217,ERP,1,5,3,,,,212.132034355964,-212.132034355964,77.6457135307561,-289.777747886721,15.700786872882901,-299.588860426372,77.6457135307561,-289.777747886721,
217,217,218,OLP,2,0,3,,,,176.335575687742,-242.705098312484,274.06363729278,-122.02099292273998,242.705098312484,-176.335575687742,274.06363729278,-122.02099292273998,
218,218,219,OLP,1,6,3,,,,222.943447643218,-200.739181907658,188.79611731495098,-233.143788437091,176.335575687742,-242.705098312484,188.79611731495098,-233.143788437091,
219,219,220,ERP,2,0,3,,,,188.79611731495098,-233.143788437091,259.807621135331,-150.0,289.77774788672,-77.6457135307565,259.807621135331,-150.0,
220,220,221,LLP,2,0,3,,,,163.391710504508,-251.60117038362702,107.51038486359,-280.074127949161,92.70509831248421,-285.316954888546,107.51038486359,-280.074127949161,
221,221,222,LLP,1,6,3,,,,233.143788437091,-188.79611731495098,289.77774788672,-77.6457135307565,298.356568610482,-31.358538980296306,289.77774788672,-77.6457135307565,
222,222,223,ERP,2,0,3,,,,212.132034355964,-212.132034355964,77.6457135307561,-289.777747886721,15.700786872882901,-299.588860426372,77.6457135307561,-289.777747886721,
223,223,224,ERP,2,0,3,,,,200.739181907657,-222.943447643218,62.37350724532761,-293.444280220142,298.356568610482,-31.358538980296306,62.37350724532761,-293.444280220142,
224,224,225,LLP,1,2,3,,,,242.705098312484,-176.335575687742,46.9303395120692,-296.306502178541,280.07412794916,-107.51038486359,46.9303395120692,-296.306502178541,
225,225,226,OLP,2,0,3,,,,222.943447643218,-200.739181907658,188.79611731495098,-233.143788437091,176.335575687742,-242.705098312484,188.79611731495098,-233.143788437091,
226,226,227,ERP,1,2,3,,,,251.60117038362702,-163.391710504508,274.06363729278,-122.02099292273998,107.51038486359,-280.074127949161,274.06363729278,-122.02099292273998,
227,227,228,LLP,2,0,3,,,,242.705098312484,-176.335575687742,46.9303395120692,-296.306502178541,280.07412794916,-107.51038486359,46.9303395120692,-296.306502178541,
228,228,229,LLP,2,0,3,,,,233.143788437091,-188.79611731495098,289.77774788672,-77.6457135307565,298.356568610482,-31.358538980296306,289.77774788672,-77.6457135307565,
229,229,230,ERP,2,0,3,,,,251.60117038362702,-163.391710504508,274.06363729278,-122.02099292273998,107.51038486359,-280.074127949161,274.06363729278,-122.02099292273998,
230,230,231,BL,0,0,3,,,,259.8076211,150.0,,,,,,,
231,231,232,LLP,1,8,3,,,,259.807621135331,-150.0,150.0,-259.807621135332,285.316954888546,-92.7050983124843,150.0,-259.807621135332,
232,232,233,OLP,1,4,3,,,,267.30195725651004,-136.197149921864,289.77774788672,-77.6457135307565,299.588860426372,-15.7007868728833,289.77774788672,-77.6457135307565,
233,233,234,LLP,1,2,3,,,,274.06363729278,-122.02099292273998,299.588860426372,15.7007868728831,293.444280220142,62.37350724532779,299.588860426372,15.7007868728831,
234,234,235,LLP,1,8,3,,,,280.07412794916,-107.51038486359,300.0,-7.34788079488412e-14,298.356568610482,-31.358538980296306,300.0,-7.34788079488412e-14,
235,235,236,LLP,1,5,3,,,,285.316954888546,-92.7050983124843,280.074127949161,107.51038486359,212.132034355964,-212.132034355964,280.074127949161,107.51038486359,
236,236,237,LLP,2,0,3,,,,274.06363729278,-122.02099292273998,299.588860426372,15.7007868728831,293.444280220142,62.37350724532779,299.588860426372,15.7007868728831,
237,237,238,OLP,2,0,3,,,,267.30195725651004,-136.197149921864,289.77774788672,-77.6457135307565,299.588860426372,-15.7007868728833,289.77774788672,-77.6457135307565,
238,238,239,LLP,1,6,3,,,,289.77774788672,-77.6457135307565,299.588860426372,15.7007868728831,259.807621135332,150.0,299.588860426372,15.7007868728831,
239,239,240,ERP,1,6,3,,,,293.444280220142,-62.373507245328,176.335575687742,-242.705098312484,251.60117038362702,-163.391710504508,176.335575687742,-242.705098312484,
240,240,241,LLP,2,0,3,,,,259.807621135331,-150.0,150.0,-259.807621135332,285.316954888546,-92.7050983124843,150.0,-259.807621135332,
241,241,242,LLP,2,0,3,,,,285.316954888546,-92.7050983124843,280.074127949161,107.51038486359,212.132034355964,-212.132034355964,280.074127949161,107.51038486359,
242,242,243,ERP,1,5,3,,,,296.306502178541,-46.9303395120693,267.30195725651004,136.197149921864,299.588860426372,15.7007868728831,267.30195725651004,136.197149921864,
243,243,244,LLP,2,0,3,,,,280.07412794916,-107.51038486359,300.0,-7.34788079488412e-14,298.356568610482,-31.358538980296306,300.0,-7.34788079488412e-14,
244,244,245,ERP,1,4,3,,,,298.356568610482,-31.358538980296306,259.807621135331,-150.0,299.588860426372,15.7007868728831,259.807621135331,-150.0,
245,245,246,LLP,2,0,3,,,,289.77774788672,-77.6457135307565,299.588860426372,15.7007868728831,259.807621135332,150.0,299.588860426372,15.7007868728831,
246,246,247,ERP,2,0,3,,,,293.444280220142,-62.373507245328,176.335575687742,-242.705098312484,251.60117038362702,-163.391710504508,176.335575687742,-242.705098312484,
247,247,248,LLP,1,2,3,,,,299.588860426372,-15.7007868728833,289.77774788672,-77.6457135307565,200.739181907657,-222.943447643218,289.77774788672,-77.6457135307565,
248,248,249,ERP,2,0,3,,,,296.306502178541,-46.9303395120693,267.30195725651004,136.197149921864,299.588860426372,15.7007868728831,267.30195725651004,136.197149921864,
249,249,250,ERP,2,0,3,,,,298.356568610482,-31.358538980296306,259.807621135331,-150.0,299.588860426372,15.7007868728831,259.807621135331,-150.0,
250,250,251,LLP,2,0,3,,,,299.588860426372,-15.7007868728833,289.77774788672,-77.6457135307565,200.739181907657,-222.943447643218,289.77774788672,-77.6457135307565,
251,251,252,BL,0,0,3,,,,259.8076211,150.0,,,,,,,
