,TrialIndex,StimType,Order,Delay,ScannerRun,TripletMemberA,TripletMemberB,TripletMemberC,Xcoordinate,Ycoordinate,Xcoordinate_lure1,Ycoordinate_lure1,Xcoordinate_lure2,Ycoordinate_lure2,Xcoordinate_foil,Ycoordinate_foil,Fill
0,1,LLP,1,2,1,,,,300.0,0.0,251.60117038362702,-163.391710504508,251.60117038362702,-163.391710504508,251.60117038362702,-163.391710504508,
1,2,ERP,1,2,1,,,,299.588860426372,15.7007868728831,242.705098312484,-176.335575687742,242.705098312484,-176.335575687742,242.705098312484,-176.335575687742,
2,3,LLP,1,5,1,,,,298.356568610482,31.358538980296,274.06363729278,122.02099292273998,274.06363729278,122.02099292273998,274.06363729278,122.02099292273998,
3,4,LLP,2,0,1,,,,300.0,0.0,251.60117038362702,-163.391710504508,251.60117038362702,-163.391710504508,251.60117038362702,-163.391710504508,
4,5,ERP,2,0,1,,,,299.588860426372,15.7007868728831,242.705098312484,-176.335575687742,242.705098312484,-176.335575687742,242.705098312484,-176.335575687742,
5,6,OLP,1,8,1,,,,296.306502178541,46.9303395120693,188.79611731495098,233.143788437091,188.79611731495098,233.143788437091,188.79611731495098,233.143788437091,
6,7,LLP,1,4,1,,,,293.444280220142,62.37350724532779,176.335575687742,242.705098312484,176.335575687742,242.705098312484,176.335575687742,242.705098312484,
7,8,OLP,1,8,1,,,,289.77774788672,77.64571353075621,200.739181907657,222.943447643218,200.739181907657,222.943447643218,200.739181907657,222.943447643218,
8,9,LLP,2,0,1,,,,298.356568610482,31.358538980296,274.06363729278,122.02099292273998,274.06363729278,122.02099292273998,274.06363729278,122.02099292273998,
9,10,OLP,1,5,1,,,,285.316954888546,92.70509831248421,298.356568610482,-31.358538980296306,298.356568610482,-31.358538980296306,298.356568610482,-31.358538980296306,
10,11,OLP,1,6,1,,,,280.074127949161,107.51038486359,299.588860426372,15.7007868728831,299.588860426372,15.7007868728831,299.588860426372,15.7007868728831,
11,12,LLP,2,0,1,,,,293.444280220142,62.37350724532779,176.335575687742,242.705098312484,176.335575687742,242.705098312484,176.335575687742,242.705098312484,
12,13,OLP,1,6,1,,,,274.06363729278,122.02099292273998,200.739181907657,222.943447643218,200.739181907657,222.943447643218,200.739181907657,222.943447643218,
13,14,ERP,1,4,1,,,,267.30195725651004,136.197149921864,285.316954888546,92.70509831248421,285.316954888546,92.70509831248421,285.316954888546,92.70509831248421,
14,15,OLP,2,0,1,,,,296.306502178541,46.9303395120693,188.79611731495098,233.143788437091,188.79611731495098,233.143788437091,188.79611731495098,233.143788437091,
15,16,OLP,2,0,1,,,,285.316954888546,92.70509831248421,298.356568610482,-31.358538980296306,298.356568610482,-31.358538980296306,298.356568610482,-31.358538980296306,
16,17,OLP,2,0,1,,,,289.77774788672,77.64571353075621,200.739181907657,222.943447643218,200.739181907657,222.943447643218,200.739181907657,222.943447643218,
17,18,OLP,2,0,1,,,,280.074127949161,107.51038486359,299.588860426372,15.7007868728831,299.588860426372,15.7007868728831,299.588860426372,15.7007868728831,
18,19,ERP,2,0,1,,,,267.30195725651004,136.197149921864,285.316954888546,92.70509831248421,285.316954888546,92.70509831248421,285.316954888546,92.70509831248421,
19,20,OLP,2,0,1,,,,274.06363729278,122.02099292273998,200.739181907657,222.943447643218,200.739181907657,222.943447643218,200.739181907657,222.943447643218,
20,21,BL,0,0,1,,,,259.8076211,150.0,,,,,,,
21,22,OLP,1,2,1,,,,259.807621135332,150.0,296.306502178541,46.9303395120693,296.306502178541,46.9303395120693,296.306502178541,46.9303395120693,
22,23,OLP,1,6,1,,,,251.60117038362702,163.391710504508,296.306502178541,46.9303395120693,296.306502178541,46.9303395120693,296.306502178541,46.9303395120693,
23,24,OLP,1,2,1,,,,242.705098312484,176.335575687742,62.37350724532779,293.444280220142,62.37350724532779,293.444280220142,62.37350724532779,293.444280220142,
24,25,OLP,2,0,1,,,,259.807621135332,150.0,296.306502178541,46.9303395120693,296.306502178541,46.9303395120693,296.306502178541,46.9303395120693,
25,26,LLP,1,8,1,,,,233.143788437091,188.79611731495098,77.6457135307563,289.77774788672,77.6457135307563,289.77774788672,77.6457135307563,289.77774788672,
26,27,OLP,2,0,1,,,,242.705098312484,176.335575687742,62.37350724532779,293.444280220142,62.37350724532779,293.444280220142,62.37350724532779,293.444280220142,
27,28,LLP,1,4,1,,,,222.943447643218,200.739181907657,280.074127949161,107.51038486359,280.074127949161,107.51038486359,280.074127949161,107.51038486359,
28,29,ERP,1,8,1,,,,212.132034355964,212.132034355964,251.60117038362702,163.391710504508,251.60117038362702,163.391710504508,251.60117038362702,163.391710504508,
29,30,OLP,2,0,1,,,,251.60117038362702,163.391710504508,296.306502178541,46.9303395120693,296.306502178541,46.9303395120693,296.306502178541,46.9303395120693,
30,31,LLP,1,5,1,,,,200.739181907657,222.943447643218,163.391710504508,251.60117038362702,163.391710504508,251.60117038362702,163.391710504508,251.60117038362702,
31,32,OLP,1,6,1,,,,188.79611731495098,233.143788437091,233.143788437091,188.79611731495098,233.143788437091,188.79611731495098,233.143788437091,188.79611731495098,
32,33,LLP,2,0,1,,,,222.943447643218,200.739181907657,280.074127949161,107.51038486359,280.074127949161,107.51038486359,280.074127949161,107.51038486359,
33,34,OLP,1,5,1,,,,176.335575687742,242.705098312484,222.943447643218,200.739181907657,222.943447643218,200.739181907657,222.943447643218,200.739181907657,
34,35,LLP,2,0,1,,,,233.143788437091,188.79611731495098,77.6457135307563,289.77774788672,77.6457135307563,289.77774788672,77.6457135307563,289.77774788672,
35,36,LLP,1,4,1,,,,163.391710504508,251.60117038362702,15.700786872883198,299.588860426372,15.700786872883198,299.588860426372,15.700786872883198,299.588860426372,
36,37,LLP,2,0,1,,,,200.739181907657,222.943447643218,163.391710504508,251.60117038362702,163.391710504508,251.60117038362702,163.391710504508,251.60117038362702,
37,38,ERP,2,0,1,,,,212.132034355964,212.132034355964,251.60117038362702,163.391710504508,251.60117038362702,163.391710504508,251.60117038362702,163.391710504508,
38,39,OLP,2,0,1,,,,188.79611731495098,233.143788437091,233.143788437091,188.79611731495098,233.143788437091,188.79611731495098,233.143788437091,188.79611731495098,
39,40,OLP,2,0,1,,,,176.335575687742,242.705098312484,222.943447643218,200.739181907657,222.943447643218,200.739181907657,222.943447643218,200.739181907657,
40,41,LLP,2,0,1,,,,163.391710504508,251.60117038362702,15.700786872883198,299.588860426372,15.700786872883198,299.588860426372,15.700786872883198,299.588860426372,
41,42,BL,0,0,1,,,,259.8076211,150.0,,,,,,,
42,43,LLP,1,5,1,,,,150.0,259.807621135332,274.06363729278,122.02099292273998,274.06363729278,122.02099292273998,274.06363729278,122.02099292273998,
43,44,OLP,1,8,1,,,,136.197149921864,267.30195725651004,62.37350724532779,293.444280220142,62.37350724532779,293.444280220142,62.37350724532779,293.444280220142,
44,45,ERP,1,6,1,,,,122.02099292273998,274.06363729278,62.37350724532779,293.444280220142,62.37350724532779,293.444280220142,62.37350724532779,293.444280220142,
45,46,LLP,1,4,1,,,,107.51038486359,280.074127949161,46.9303395120693,296.306502178541,46.9303395120693,296.306502178541,46.9303395120693,296.306502178541,
46,47,ERP,1,8,1,,,,92.70509831248421,285.316954888546,136.197149921864,267.30195725651004,136.197149921864,267.30195725651004,136.197149921864,267.30195725651004,
47,48,OLP,1,5,1,,,,77.6457135307563,289.77774788672,150.0,259.807621135332,150.0,259.807621135332,150.0,259.807621135332,
48,49,LLP,2,0,1,,,,150.0,259.807621135332,274.06363729278,122.02099292273998,274.06363729278,122.02099292273998,274.06363729278,122.02099292273998,
49,50,OLP,1,6,1,,,,62.37350724532779,293.444280220142,163.391710504508,251.60117038362702,163.391710504508,251.60117038362702,163.391710504508,251.60117038362702,
50,51,LLP,2,0,1,,,,107.51038486359,280.074127949161,46.9303395120693,296.306502178541,46.9303395120693,296.306502178541,46.9303395120693,296.306502178541,
51,52,ERP,2,0,1,,,,122.02099292273998,274.06363729278,62.37350724532779,293.444280220142,62.37350724532779,293.444280220142,62.37350724532779,293.444280220142,
52,53,OLP,2,0,1,,,,136.197149921864,267.30195725651004,62.37350724532779,293.444280220142,62.37350724532779,293.444280220142,62.37350724532779,293.444280220142,
53,54,OLP,2,0,1,,,,77.6457135307563,289.77774788672,150.0,259.807621135332,150.0,259.807621135332,150.0,259.807621135332,
54,55,ERP,1,4,1,,,,46.9303395120693,296.306502178541,-176.335575687742,242.705098312484,-176.335575687742,242.705098312484,-176.335575687742,242.705098312484,
55,56,ERP,2,0,1,,,,92.70509831248421,285.316954888546,136.197149921864,267.30195725651004,136.197149921864,267.30195725651004,136.197149921864,267.30195725651004,
56,57,OLP,2,0,1,,,,62.37350724532779,293.444280220142,163.391710504508,251.60117038362702,163.391710504508,251.60117038362702,163.391710504508,251.60117038362702,
57,58,ERP,1,2,1,,,,31.358538980296107,298.356568610482,107.51038486359,280.074127949161,107.51038486359,280.074127949161,107.51038486359,280.074127949161,
58,59,OLP,1,2,1,,,,15.700786872883198,299.588860426372,-92.70509831248421,285.316954888546,-92.70509831248421,285.316954888546,-92.70509831248421,285.316954888546,
59,60,ERP,2,0,1,,,,46.9303395120693,296.306502178541,-176.335575687742,242.705098312484,-176.335575687742,242.705098312484,-176.335575687742,242.705098312484,
60,61,ERP,2,0,1,,,,31.358538980296107,298.356568610482,107.51038486359,280.074127949161,107.51038486359,280.074127949161,107.51038486359,280.074127949161,
61,62,OLP,2,0,1,,,,15.700786872883198,299.588860426372,-92.70509831248421,285.316954888546,-92.70509831248421,285.316954888546,-92.70509831248421,285.316954888546,
62,63,BL,0,0,1,,,,259.8076211,150.0,,,,,,,
63,64,OLP,1,4,1,,,,1.83697019872103e-14,300.0,46.9303395120693,296.306502178541,46.9303395120693,296.306502178541,46.9303395120693,296.306502178541,
64,65,OLP,1,2,1,,,,-15.7007868728831,299.588860426372,188.79611731495098,233.143788437091,188.79611731495098,233.143788437091,188.79611731495098,233.143788437091,
65,66,ERP,1,6,1,,,,-31.358538980296,298.356568610482,-136.197149921864,267.30195725651004,-136.197149921864,267.30195725651004,-136.197149921864,267.30195725651004,
66,67,LLP,1,4,1,,,,-46.9303395120692,296.306502178541,-212.132034355964,212.132034355964,-212.132034355964,212.132034355964,-212.132034355964,212.132034355964,
67,68,OLP,2,0,1,,,,-15.7007868728831,299.588860426372,188.79611731495098,233.143788437091,188.79611731495098,233.143788437091,188.79611731495098,233.143788437091,
68,69,OLP,2,0,1,,,,1.83697019872103e-14,300.0,46.9303395120693,296.306502178541,46.9303395120693,296.306502178541,46.9303395120693,296.306502178541,
69,70,LLP,1,8,1,,,,-62.3735072453277,293.444280220142,1.83697019872103e-14,300.0,1.83697019872103e-14,300.0,1.83697019872103e-14,300.0,
70,71,OLP,1,6,1,,,,-77.64571353075621,289.77774788672,-259.807621135332,150.0,-259.807621135332,150.0,-259.807621135332,150.0,
71,72,LLP,2,0,1,,,,-46.9303395120692,296.306502178541,-212.132034355964,212.132034355964,-212.132034355964,212.132034355964,-212.132034355964,212.132034355964,
72,73,ERP,2,0,1,,,,-31.358538980296,298.356568610482,-136.197149921864,267.30195725651004,-136.197149921864,267.30195725651004,-136.197149921864,267.30195725651004,
73,74,OLP,1,8,1,,,,-92.70509831248421,285.316954888546,-233.143788437091,188.79611731495098,-233.143788437091,188.79611731495098,-233.143788437091,188.79611731495098,
74,75,OLP,1,5,1,,,,-107.51038486359,280.074127949161,-188.79611731495098,233.143788437091,-188.79611731495098,233.143788437091,-188.79611731495098,233.143788437091,
75,76,LLP,1,5,1,,,,-122.02099292273998,274.06363729278,92.70509831248421,285.316954888546,92.70509831248421,285.316954888546,92.70509831248421,285.316954888546,
76,77,OLP,1,2,1,,,,-136.197149921864,267.30195725651004,-285.316954888546,92.7050983124843,-285.316954888546,92.7050983124843,-285.316954888546,92.7050983124843,
77,78,OLP,2,0,1,,,,-77.64571353075621,289.77774788672,-259.807621135332,150.0,-259.807621135332,150.0,-259.807621135332,150.0,
78,79,LLP,2,0,1,,,,-62.3735072453277,293.444280220142,1.83697019872103e-14,300.0,1.83697019872103e-14,300.0,1.83697019872103e-14,300.0,
79,80,OLP,2,0,1,,,,-136.197149921864,267.30195725651004,-285.316954888546,92.7050983124843,-285.316954888546,92.7050983124843,-285.316954888546,92.7050983124843,
80,81,OLP,2,0,1,,,,-107.51038486359,280.074127949161,-188.79611731495098,233.143788437091,-188.79611731495098,233.143788437091,-188.79611731495098,233.143788437091,
81,82,LLP,2,0,1,,,,-122.02099292273998,274.06363729278,92.70509831248421,285.316954888546,92.70509831248421,285.316954888546,92.70509831248421,285.316954888546,
82,83,OLP,2,0,1,,,,-92.70509831248421,285.316954888546,-233.143788437091,188.79611731495098,-233.143788437091,188.79611731495098,-233.143788437091,188.79611731495098,
83,84,BL,0,0,1,,,,259.8076211,150.0,,,,,,,
84,85,ERP,1,6,2,,,,-150.0,259.807621135332,-62.3735072453277,293.444280220142,-62.3735072453277,293.444280220142,-62.3735072453277,293.444280220142,
85,86,LLP,1,2,2,,,,-163.391710504508,251.60117038362702,-280.07412794916,107.51038486359,-280.07412794916,107.51038486359,-280.07412794916,107.51038486359,
86,87,OLP,1,5,2,,,,-176.335575687742,242.705098312484,-31.358538980296,298.356568610482,-31.358538980296,298.356568610482,-31.358538980296,298.356568610482,
87,88,LLP,1,6,2,,,,-188.79611731495098,233.143788437091,-77.64571353075621,289.77774788672,-77.64571353075621,289.77774788672,-77.64571353075621,289.77774788672,
88,89,LLP,2,0,2,,,,-163.391710504508,251.60117038362702,-280.07412794916,107.51038486359,-280.07412794916,107.51038486359,-280.07412794916,107.51038486359,
89,90,OLP,1,5,2,,,,-200.739181907657,222.943447643218,-242.705098312484,176.335575687742,-242.705098312484,176.335575687742,-242.705098312484,176.335575687742,
90,91,OLP,1,8,2,,,,-212.132034355964,212.132034355964,-136.197149921864,267.30195725651004,-136.197149921864,267.30195725651004,-136.197149921864,267.30195725651004,
91,92,ERP,2,0,2,,,,-150.0,259.807621135332,-62.3735072453277,293.444280220142,-62.3735072453277,293.444280220142,-62.3735072453277,293.444280220142,
92,93,OLP,2,0,2,,,,-176.335575687742,242.705098312484,-31.358538980296,298.356568610482,-31.358538980296,298.356568610482,-31.358538980296,298.356568610482,
93,94,ERP,1,8,2,,,,-222.943447643218,200.739181907658,-62.3735072453277,293.444280220142,-62.3735072453277,293.444280220142,-62.3735072453277,293.444280220142,
94,95,LLP,2,0,2,,,,-188.79611731495098,233.143788437091,-77.64571353075621,289.77774788672,-77.64571353075621,289.77774788672,-77.64571353075621,289.77774788672,
95,96,OLP,2,0,2,,,,-200.739181907657,222.943447643218,-242.705098312484,176.335575687742,-242.705098312484,176.335575687742,-242.705098312484,176.335575687742,
96,97,ERP,1,4,2,,,,-233.143788437091,188.79611731495098,-289.77774788672,77.6457135307563,-289.77774788672,77.6457135307563,-289.77774788672,77.6457135307563,
97,98,ERP,1,2,2,,,,-242.705098312484,176.335575687742,-200.739181907657,222.943447643218,-200.739181907657,222.943447643218,-200.739181907657,222.943447643218,
98,99,ERP,1,4,2,,,,-251.60117038362702,163.391710504508,-298.356568610482,-31.358538980295897,-298.356568610482,-31.358538980295897,-298.356568610482,-31.358538980295897,
99,100,OLP,2,0,2,,,,-212.132034355964,212.132034355964,-136.197149921864,267.30195725651004,-136.197149921864,267.30195725651004,-136.197149921864,267.30195725651004,
100,101,ERP,2,0,2,,,,-242.705098312484,176.335575687742,-200.739181907657,222.943447643218,-200.739181907657,222.943447643218,-200.739181907657,222.943447643218,
101,102,ERP,2,0,2,,,,-233.143788437091,188.79611731495098,-289.77774788672,77.6457135307563,-289.77774788672,77.6457135307563,-289.77774788672,77.6457135307563,
102,103,ERP,2,0,2,,,,-222.943447643218,200.739181907658,-62.3735072453277,293.444280220142,-62.3735072453277,293.444280220142,-62.3735072453277,293.444280220142,
103,104,ERP,2,0,2,,,,-251.60117038362702,163.391710504508,-298.356568610482,-31.358538980295897,-298.356568610482,-31.358538980295897,-298.356568610482,-31.358538980295897,
104,105,BL,0,0,2,,,,259.8076211,150.0,,,,,,,
105,106,OLP,1,5,2,,,,-259.807621135332,150.0,-296.306502178541,46.9303395120693,-296.306502178541,46.9303395120693,-296.306502178541,46.9303395120693,
106,107,LLP,1,6,2,,,,-267.30195725651004,136.197149921864,-289.777747886721,-77.6457135307561,-289.777747886721,-77.6457135307561,-289.777747886721,-77.6457135307561,
107,108,ERP,1,4,2,,,,-274.06363729278,122.02099292273998,-222.943447643218,200.739181907658,-222.943447643218,200.739181907658,-222.943447643218,200.739181907658,
108,109,LLP,1,8,2,,,,-280.07412794916,107.51038486359,-298.356568610482,-31.358538980295897,-298.356568610482,-31.358538980295897,-298.356568610482,-31.358538980295897,
109,110,OLP,1,8,2,,,,-285.316954888546,92.7050983124843,-163.391710504508,251.60117038362702,-163.391710504508,251.60117038362702,-163.391710504508,251.60117038362702,
110,111,ERP,1,4,2,,,,-289.77774788672,77.6457135307563,-274.06363729278,-122.02099292273998,-274.06363729278,-122.02099292273998,-274.06363729278,-122.02099292273998,
111,112,OLP,2,0,2,,,,-259.807621135332,150.0,-296.306502178541,46.9303395120693,-296.306502178541,46.9303395120693,-296.306502178541,46.9303395120693,
112,113,ERP,2,0,2,,,,-274.06363729278,122.02099292273998,-222.943447643218,200.739181907658,-222.943447643218,200.739181907658,-222.943447643218,200.739181907658,
113,114,LLP,2,0,2,,,,-267.30195725651004,136.197149921864,-289.777747886721,-77.6457135307561,-289.777747886721,-77.6457135307561,-289.777747886721,-77.6457135307561,
114,115,ERP,1,5,2,,,,-293.444280220142,62.3735072453279,-267.30195725651004,-136.197149921864,-267.30195725651004,-136.197149921864,-267.30195725651004,-136.197149921864,
115,116,ERP,2,0,2,,,,-289.77774788672,77.6457135307563,-274.06363729278,-122.02099292273998,-274.06363729278,-122.02099292273998,-274.06363729278,-122.02099292273998,
116,117,ERP,1,6,2,,,,-296.306502178541,46.9303395120693,-289.777747886721,-77.6457135307561,-289.777747886721,-77.6457135307561,-289.777747886721,-77.6457135307561,
117,118,LLP,2,0,2,,,,-280.07412794916,107.51038486359,-298.356568610482,-31.358538980295897,-298.356568610482,-31.358538980295897,-298.356568610482,-31.358538980295897,
118,119,OLP,2,0,2,,,,-285.316954888546,92.7050983124843,-163.391710504508,251.60117038362702,-163.391710504508,251.60117038362702,-163.391710504508,251.60117038362702,
119,120,OLP,1,2,2,,,,-298.356568610482,31.358538980296107,-274.06363729278,-122.02099292273998,-274.06363729278,-122.02099292273998,-274.06363729278,-122.02099292273998,
120,121,ERP,2,0,2,,,,-293.444280220142,62.3735072453279,-267.30195725651004,-136.197149921864,-267.30195725651004,-136.197149921864,-267.30195725651004,-136.197149921864,
121,122,OLP,1,2,2,,,,-299.588860426372,15.7007868728833,-259.807621135332,-150.0,-259.807621135332,-150.0,-259.807621135332,-150.0,
122,123,OLP,2,0,2,,,,-298.356568610482,31.358538980296107,-274.06363729278,-122.02099292273998,-274.06363729278,-122.02099292273998,-274.06363729278,-122.02099292273998,
123,124,ERP,2,0,2,,,,-296.306502178541,46.9303395120693,-289.777747886721,-77.6457135307561,-289.777747886721,-77.6457135307561,-289.777747886721,-77.6457135307561,
124,125,OLP,2,0,2,,,,-299.588860426372,15.7007868728833,-259.807621135332,-150.0,-259.807621135332,-150.0,-259.807621135332,-150.0,
125,126,BL,0,0,2,,,,259.8076211,150.0,,,,,,,
126,127,ERP,1,8,2,,,,-300.0,3.67394039744206e-14,-233.143788437091,188.79611731495098,-233.143788437091,188.79611731495098,-233.143788437091,188.79611731495098,
127,128,LLP,1,2,2,,,,-299.588860426372,-15.7007868728831,-233.143788437091,-188.79611731495098,-233.143788437091,-188.79611731495098,-233.143788437091,-188.79611731495098,
128,129,LLP,1,4,2,,,,-298.356568610482,-31.358538980295897,-280.074127949161,-107.51038486359,-280.074127949161,-107.51038486359,-280.074127949161,-107.51038486359,
129,130,ERP,1,6,2,,,,-296.306502178541,-46.9303395120692,-267.30195725651004,136.197149921864,-267.30195725651004,136.197149921864,-267.30195725651004,136.197149921864,
130,131,LLP,2,0,2,,,,-299.588860426372,-15.7007868728831,-233.143788437091,-188.79611731495098,-233.143788437091,-188.79611731495098,-233.143788437091,-188.79611731495098,
131,132,ERP,1,8,2,,,,-293.444280220142,-62.3735072453277,-299.588860426372,-15.7007868728831,-299.588860426372,-15.7007868728831,-299.588860426372,-15.7007868728831,
132,133,OLP,1,5,2,,,,-289.777747886721,-77.6457135307561,-222.943447643218,-200.739181907657,-222.943447643218,-200.739181907657,-222.943447643218,-200.739181907657,
133,134,LLP,2,0,2,,,,-298.356568610482,-31.358538980295897,-280.074127949161,-107.51038486359,-280.074127949161,-107.51038486359,-280.074127949161,-107.51038486359,
134,135,LLP,1,6,2,,,,-285.316954888546,-92.70509831248421,-296.306502178541,-46.9303395120692,-296.306502178541,-46.9303395120692,-296.306502178541,-46.9303395120692,
135,136,ERP,2,0,2,,,,-300.0,3.67394039744206e-14,-233.143788437091,188.79611731495098,-233.143788437091,188.79611731495098,-233.143788437091,188.79611731495098,
136,137,ERP,2,0,2,,,,-296.306502178541,-46.9303395120692,-267.30195725651004,136.197149921864,-267.30195725651004,136.197149921864,-267.30195725651004,136.197149921864,
137,138,OLP,1,5,2,,,,-280.074127949161,-107.51038486359,-280.07412794916,107.51038486359,-280.07412794916,107.51038486359,-280.07412794916,107.51038486359,
138,139,OLP,2,0,2,,,,-289.777747886721,-77.6457135307561,-222.943447643218,-200.739181907657,-222.943447643218,-200.739181907657,-222.943447643218,-200.739181907657,
139,140,ERP,1,4,2,,,,-274.06363729278,-122.02099292273998,-136.197149921864,-267.30195725651004,-136.197149921864,-267.30195725651004,-136.197149921864,-267.30195725651004,
140,141,ERP,2,0,2,,,,-293.444280220142,-62.3735072453277,-299.588860426372,-15.7007868728831,-299.588860426372,-15.7007868728831,-299.588860426372,-15.7007868728831,
141,142,LLP,2,0,2,,,,-285.316954888546,-92.70509831248421,-296.306502178541,-46.9303395120692,-296.306502178541,-46.9303395120692,-296.306502178541,-46.9303395120692,
142,143,LLP,1,2,2,,,,-267.30195725651004,-136.197149921864,-296.306502178541,-46.9303395120692,-296.306502178541,-46.9303395120692,-296.306502178541,-46.9303395120692,
143,144,OLP,2,0,2,,,,-280.074127949161,-107.51038486359,-280.07412794916,107.51038486359,-280.07412794916,107.51038486359,-280.07412794916,107.51038486359,
144,145,ERP,2,0,2,,,,-274.06363729278,-122.02099292273998,-136.197149921864,-267.30195725651004,-136.197149921864,-267.30195725651004,-136.197149921864,-267.30195725651004,
145,146,LLP,2,0,2,,,,-267.30195725651004,-136.197149921864,-296.306502178541,-46.9303395120692,-296.306502178541,-46.9303395120692,-296.306502178541,-46.9303395120692,
146,147,BL,0,0,2,,,,259.8076211,150.0,,,,,,,
147,148,LLP,1,2,2,,,,-259.807621135332,-150.0,-289.777747886721,-77.6457135307561,-289.777747886721,-77.6457135307561,-289.777747886721,-77.6457135307561,
148,149,LLP,1,2,2,,,,-251.60117038362702,-163.391710504508,-62.3735072453279,-293.444280220142,-62.3735072453279,-293.444280220142,-62.3735072453279,-293.444280220142,
149,150,ERP,1,6,2,,,,-242.705098312484,-176.335575687742,-299.588860426372,15.7007868728833,-299.588860426372,15.7007868728833,-299.588860426372,15.7007868728833,
150,151,LLP,2,0,2,,,,-259.807621135332,-150.0,-289.777747886721,-77.6457135307561,-289.777747886721,-77.6457135307561,-289.777747886721,-77.6457135307561,
151,152,LLP,2,0,2,,,,-251.60117038362702,-163.391710504508,-62.3735072453279,-293.444280220142,-62.3735072453279,-293.444280220142,-62.3735072453279,-293.444280220142,
152,153,LLP,1,5,2,,,,-233.143788437091,-188.79611731495098,-150.0,-259.807621135332,-150.0,-259.807621135332,-150.0,-259.807621135332,
153,154,LLP,1,6,2,,,,-222.943447643218,-200.739181907657,-188.79611731495098,-233.143788437091,-188.79611731495098,-233.143788437091,-188.79611731495098,-233.143788437091,
154,155,OLP,1,8,2,,,,-212.132034355964,-212.132034355964,-62.3735072453279,-293.444280220142,-62.3735072453279,-293.444280220142,-62.3735072453279,-293.444280220142,
155,156,OLP,1,8,2,,,,-200.739181907658,-222.943447643218,-280.074127949161,-107.51038486359,-280.074127949161,-107.51038486359,-280.074127949161,-107.51038486359,
156,157,ERP,2,0,2,,,,-242.705098312484,-176.335575687742,-299.588860426372,15.7007868728833,-299.588860426372,15.7007868728833,-299.588860426372,15.7007868728833,
157,158,OLP,1,4,2,,,,-188.79611731495098,-233.143788437091,-251.60117038362702,-163.391710504508,-251.60117038362702,-163.391710504508,-251.60117038362702,-163.391710504508,
158,159,LLP,2,0,2,,,,-233.143788437091,-188.79611731495098,-150.0,-259.807621135332,-150.0,-259.807621135332,-150.0,-259.807621135332,
159,160,ERP,1,5,2,,,,-176.335575687742,-242.705098312484,-46.9303395120693,-296.306502178541,-46.9303395120693,-296.306502178541,-46.9303395120693,-296.306502178541,
160,161,LLP,2,0,2,,,,-222.943447643218,-200.739181907657,-188.79611731495098,-233.143788437091,-188.79611731495098,-233.143788437091,-188.79611731495098,-233.143788437091,
161,162,ERP,1,4,2,,,,-163.391710504508,-251.60117038362702,-222.943447643218,-200.739181907657,-222.943447643218,-200.739181907657,-222.943447643218,-200.739181907657,
162,163,OLP,2,0,2,,,,-188.79611731495098,-233.143788437091,-251.60117038362702,-163.391710504508,-251.60117038362702,-163.391710504508,-251.60117038362702,-163.391710504508,
163,164,OLP,2,0,2,,,,-212.132034355964,-212.132034355964,-62.3735072453279,-293.444280220142,-62.3735072453279,-293.444280220142,-62.3735072453279,-293.444280220142,
164,165,OLP,2,0,2,,,,-200.739181907658,-222.943447643218,-280.074127949161,-107.51038486359,-280.074127949161,-107.51038486359,-280.074127949161,-107.51038486359,
165,166,ERP,2,0,2,,,,-176.335575687742,-242.705098312484,-46.9303395120693,-296.306502178541,-46.9303395120693,-296.306502178541,-46.9303395120693,-296.306502178541,
166,167,ERP,2,0,2,,,,-163.391710504508,-251.60117038362702,-222.943447643218,-200.739181907657,-222.943447643218,-200.739181907657,-222.943447643218,-200.739181907657,
167,168,BL,0,0,2,,,,259.8076211,150.0,,,,,,,
168,169,OLP,1,2,3,,,,-150.0,-259.807621135332,-274.06363729278,-122.02099292273998,-274.06363729278,-122.02099292273998,-274.06363729278,-122.02099292273998,
169,170,ERP,1,5,3,,,,-136.197149921864,-267.30195725651004,92.70509831248421,-285.316954888546,92.70509831248421,-285.316954888546,92.70509831248421,-285.316954888546,
170,171,OLP,1,2,3,,,,-122.02099292273998,-274.06363729278,-251.60117038362702,-163.391710504508,-251.60117038362702,-163.391710504508,-251.60117038362702,-163.391710504508,
171,172,OLP,2,0,3,,,,-150.0,-259.807621135332,-274.06363729278,-122.02099292273998,-274.06363729278,-122.02099292273998,-274.06363729278,-122.02099292273998,
172,173,OLP,1,6,3,,,,-107.51038486359,-280.07412794916,-15.7007868728833,-299.588860426372,-15.7007868728833,-299.588860426372,-15.7007868728833,-299.588860426372,
173,174,OLP,2,0,3,,,,-122.02099292273998,-274.06363729278,-251.60117038362702,-163.391710504508,-251.60117038362702,-163.391710504508,-251.60117038362702,-163.391710504508,
174,175,LLP,1,8,3,,,,-92.7050983124843,-285.316954888546,77.6457135307561,-289.777747886721,77.6457135307561,-289.777747886721,77.6457135307561,-289.777747886721,
175,176,ERP,2,0,3,,,,-136.197149921864,-267.30195725651004,92.70509831248421,-285.316954888546,92.70509831248421,-285.316954888546,92.70509831248421,-285.316954888546,
176,177,ERP,1,8,3,,,,-77.6457135307565,-289.77774788672,46.9303395120692,-296.306502178541,46.9303395120692,-296.306502178541,46.9303395120692,-296.306502178541,
177,178,LLP,1,4,3,,,,-62.3735072453279,-293.444280220142,136.197149921864,-267.30195725651004,136.197149921864,-267.30195725651004,136.197149921864,-267.30195725651004,
178,179,ERP,1,5,3,,,,-46.9303395120693,-296.306502178541,-242.705098312484,-176.335575687742,-242.705098312484,-176.335575687742,-242.705098312484,-176.335575687742,
179,180,OLP,2,0,3,,,,-107.51038486359,-280.07412794916,-15.7007868728833,-299.588860426372,-15.7007868728833,-299.588860426372,-15.7007868728833,-299.588860426372,
180,181,ERP,1,6,3,,,,-31.358538980296306,-298.356568610482,77.6457135307561,-289.777747886721,77.6457135307561,-289.777747886721,77.6457135307561,-289.777747886721,
181,182,ERP,1,4,3,,,,-15.7007868728833,-299.588860426372,-122.02099292273998,-274.06363729278,-122.02099292273998,-274.06363729278,-122.02099292273998,-274.06363729278,
182,183,LLP,2,0,3,,,,-62.3735072453279,-293.444280220142,136.197149921864,-267.30195725651004,136.197149921864,-267.30195725651004,136.197149921864,-267.30195725651004,
183,184,LLP,2,0,3,,,,-92.7050983124843,-285.316954888546,77.6457135307561,-289.777747886721,77.6457135307561,-289.777747886721,77.6457135307561,-289.777747886721,
184,185,ERP,2,0,3,,,,-46.9303395120693,-296.306502178541,-242.705098312484,-176.335575687742,-242.705098312484,-176.335575687742,-242.705098312484,-176.335575687742,
185,186,ERP,2,0,3,,,,-77.6457135307565,-289.77774788672,46.9303395120692,-296.306502178541,46.9303395120692,-296.306502178541,46.9303395120692,-296.306502178541,
186,187,ERP,2,0,3,,,,-15.7007868728833,-299.588860426372,-122.02099292273998,-274.06363729278,-122.02099292273998,-274.06363729278,-122.02099292273998,-274.06363729278,
187,188,ERP,2,0,3,,,,-31.358538980296306,-298.356568610482,77.6457135307561,-289.777747886721,77.6457135307561,-289.777747886721,77.6457135307561,-289.777747886721,
188,189,BL,0,0,3,,,,259.8076211,150.0,,,,,,,
189,190,ERP,1,6,3,,,,-5.510910596163089e-14,-300.0,-77.6457135307565,-289.77774788672,-77.6457135307565,-289.77774788672,-77.6457135307565,-289.77774788672,
190,191,ERP,1,8,3,,,,15.700786872882901,-299.588860426372,200.739181907657,-222.943447643218,200.739181907657,-222.943447643218,200.739181907657,-222.943447643218,
191,192,LLP,1,2,3,,,,31.358538980295897,-298.356568610482,122.02099292273998,-274.06363729278,122.02099292273998,-274.06363729278,122.02099292273998,-274.06363729278,
192,193,ERP,1,5,3,,,,46.9303395120692,-296.306502178541,-150.0,-259.807621135332,-150.0,-259.807621135332,-150.0,-259.807621135332,
193,194,ERP,1,6,3,,,,62.37350724532761,-293.444280220142,233.143788437091,-188.79611731495098,233.143788437091,-188.79611731495098,233.143788437091,-188.79611731495098,
194,195,LLP,2,0,3,,,,31.358538980295897,-298.356568610482,122.02099292273998,-274.06363729278,122.02099292273998,-274.06363729278,122.02099292273998,-274.06363729278,
195,196,LLP,1,8,3,,,,77.6457135307561,-289.777747886721,212.132034355964,-212.132034355964,212.132034355964,-212.132034355964,212.132034355964,-212.132034355964,
196,197,ERP,2,0,3,,,,-5.510910596163089e-14,-300.0,-77.6457135307565,-289.77774788672,-77.6457135307565,-289.77774788672,-77.6457135307565,-289.77774788672,
197,198,OLP,1,5,3,,,,92.70509831248421,-285.316954888546,188.79611731495098,-233.143788437091,188.79611731495098,-233.143788437091,188.79611731495098,-233.143788437091,
198,199,ERP,2,0,3,,,,46.9303395120692,-296.306502178541,-150.0,-259.807621135332,-150.0,-259.807621135332,-150.0,-259.807621135332,
199,200,ERP,2,0,3,,,,15.700786872882901,-299.588860426372,200.739181907657,-222.943447643218,200.739181907657,-222.943447643218,200.739181907657,-222.943447643218,
200,201,ERP,2,0,3,,,,62.37350724532761,-293.444280220142,233.143788437091,-188.79611731495098,233.143788437091,-188.79611731495098,233.143788437091,-188.79611731495098,
201,202,LLP,1,4,3,,,,107.51038486359,-280.074127949161,-46.9303395120693,-296.306502178541,-46.9303395120693,-296.306502178541,-46.9303395120693,-296.306502178541,
202,203,LLP,1,4,3,,,,122.02099292273998,-274.06363729278,-15.7007868728833,-299.588860426372,-15.7007868728833,-299.588860426372,-15.7007868728833,-299.588860426372,
203,204,OLP,2,0,3,,,,92.70509831248421,-285.316954888546,188.79611731495098,-233.143788437091,188.79611731495098,-233.143788437091,188.79611731495098,-233.143788437091,
204,205,LLP,2,0,3,,,,77.6457135307561,-289.777747886721,212.132034355964,-212.132034355964,212.132034355964,-212.132034355964,212.132034355964,-212.132034355964,
205,206,OLP,1,2,3,,,,136.197149921864,-267.30195725651004,77.6457135307561,-289.777747886721,77.6457135307561,-289.777747886721,77.6457135307561,-289.777747886721,
206,207,LLP,2,0,3,,,,107.51038486359,-280.074127949161,-46.9303395120693,-296.306502178541,-46.9303395120693,-296.306502178541,-46.9303395120693,-296.306502178541,
207,208,LLP,2,0,3,,,,122.02099292273998,-274.06363729278,-15.7007868728833,-299.588860426372,-15.7007868728833,-299.588860426372,-15.7007868728833,-299.588860426372,
208,209,OLP,2,0,3,,,,136.197149921864,-267.30195725651004,77.6457135307561,-289.777747886721,77.6457135307561,-289.777747886721,77.6457135307561,-289.777747886721,
209,210,BL,0,0,3,,,,259.8076211,150.0,,,,,,,
210,211,LLP,1,4,3,,,,150.0,-259.807621135332,92.70509831248421,-285.316954888546,92.70509831248421,-285.316954888546,92.70509831248421,-285.316954888546,
211,212,LLP,1,8,3,,,,163.391710504508,-251.60117038362702,46.9303395120692,-296.306502178541,46.9303395120692,-296.306502178541,46.9303395120692,-296.306502178541,
212,213,OLP,1,4,3,,,,176.335575687742,-242.705098312484,285.316954888546,-92.7050983124843,285.316954888546,-92.7050983124843,285.316954888546,-92.7050983124843,
213,214,ERP,1,5,3,,,,188.79611731495098,-233.143788437091,242.705098312484,-176.335575687742,242.705098312484,-176.335575687742,242.705098312484,-176.335575687742,
214,215,ERP,1,8,3,,,,200.739181907657,-222.943447643218,46.9303395120692,-296.306502178541,46.9303395120692,-296.306502178541,46.9303395120692,-296.306502178541,
215,216,LLP,2,0,3,,,,150.0,-259.807621135332,92.70509831248421,-285.316954888546,92.70509831248421,-285.316954888546,92.70509831248421,-285.316954888546,
216,217,ERP,1,5,3,,,,212.132034355964,-212.132034355964,293.444280220142,-62.373507245328,293.444280220142,-62.373507245328,293.444280220142,-62.373507245328,
217,218,OLP,2,0,3,,,,176.335575687742,-242.705098312484,285.316954888546,-92.7050983124843,285.316954888546,-92.7050983124843,285.316954888546,-92.7050983124843,
218,219,OLP,1,6,3,,,,222.943447643218,-200.739181907658,280.07412794916,-107.51038486359,280.07412794916,-107.51038486359,280.07412794916,-107.51038486359,
219,220,ERP,2,0,3,,,,188.79611731495098,-233.143788437091,242.705098312484,-176.335575687742,242.705098312484,-176.335575687742,242.705098312484,-176.335575687742,
220,221,LLP,2,0,3,,,,163.391710504508,-251.60117038362702,46.9303395120692,-296.306502178541,46.9303395120692,-296.306502178541,46.9303395120692,-296.306502178541,
221,222,LLP,1,6,3,,,,233.143788437091,-188.79611731495098,267.30195725651004,-136.197149921864,267.30195725651004,-136.197149921864,267.30195725651004,-136.197149921864,
222,223,ERP,2,0,3,,,,212.132034355964,-212.132034355964,293.444280220142,-62.373507245328,293.444280220142,-62.373507245328,293.444280220142,-62.373507245328,
223,224,ERP,2,0,3,,,,200.739181907657,-222.943447643218,46.9303395120692,-296.306502178541,46.9303395120692,-296.306502178541,46.9303395120692,-296.306502178541,
224,225,LLP,1,2,3,,,,242.705098312484,-176.335575687742,150.0,-259.807621135332,150.0,-259.807621135332,150.0,-259.807621135332,
225,226,OLP,2,0,3,,,,222.943447643218,-200.739181907658,280.07412794916,-107.51038486359,280.07412794916,-107.51038486359,280.07412794916,-107.51038486359,
226,227,ERP,1,2,3,,,,251.60117038362702,-163.391710504508,136.197149921864,-267.30195725651004,136.197149921864,-267.30195725651004,136.197149921864,-267.30195725651004,
227,228,LLP,2,0,3,,,,242.705098312484,-176.335575687742,150.0,-259.807621135332,150.0,-259.807621135332,150.0,-259.807621135332,
228,229,LLP,2,0,3,,,,233.143788437091,-188.79611731495098,267.30195725651004,-136.197149921864,267.30195725651004,-136.197149921864,267.30195725651004,-136.197149921864,
229,230,ERP,2,0,3,,,,251.60117038362702,-163.391710504508,136.197149921864,-267.30195725651004,136.197149921864,-267.30195725651004,136.197149921864,-267.30195725651004,
230,231,BL,0,0,3,,,,259.8076211,150.0,,,,,,,
231,232,LLP,1,8,3,,,,259.807621135331,-150.0,92.70509831248421,-285.316954888546,92.70509831248421,-285.316954888546,92.70509831248421,-285.316954888546,
232,233,OLP,1,4,3,,,,267.30195725651004,-136.197149921864,242.705098312484,-176.335575687742,242.705098312484,-176.335575687742,242.705098312484,-176.335575687742,
233,234,LLP,1,2,3,,,,274.06363729278,-122.02099292273998,150.0,-259.807621135332,150.0,-259.807621135332,150.0,-259.807621135332,
234,235,LLP,1,8,3,,,,280.07412794916,-107.51038486359,293.444280220142,62.37350724532779,293.444280220142,62.37350724532779,293.444280220142,62.37350724532779,
235,236,LLP,1,5,3,,,,285.316954888546,-92.7050983124843,222.943447643218,-200.739181907658,222.943447643218,-200.739181907658,222.943447643218,-200.739181907658,
236,237,LLP,2,0,3,,,,274.06363729278,-122.02099292273998,150.0,-259.807621135332,150.0,-259.807621135332,150.0,-259.807621135332,
237,238,OLP,2,0,3,,,,267.30195725651004,-136.197149921864,242.705098312484,-176.335575687742,242.705098312484,-176.335575687742,242.705098312484,-176.335575687742,
238,239,LLP,1,6,3,,,,289.77774788672,-77.6457135307565,176.335575687742,-242.705098312484,176.335575687742,-242.705098312484,176.335575687742,-242.705098312484,
239,240,ERP,1,6,3,,,,293.444280220142,-62.373507245328,299.588860426372,15.7007868728831,299.588860426372,15.7007868728831,299.588860426372,15.7007868728831,
240,241,LLP,2,0,3,,,,259.807621135331,-150.0,92.70509831248421,-285.316954888546,92.70509831248421,-285.316954888546,92.70509831248421,-285.316954888546,
241,242,LLP,2,0,3,,,,285.316954888546,-92.7050983124843,222.943447643218,-200.739181907658,222.943447643218,-200.739181907658,222.943447643218,-200.739181907658,
242,243,ERP,1,5,3,,,,296.306502178541,-46.9303395120693,222.943447643218,-200.739181907658,222.943447643218,-200.739181907658,222.943447643218,-200.739181907658,
243,244,LLP,2,0,3,,,,280.07412794916,-107.51038486359,293.444280220142,62.37350724532779,293.444280220142,62.37350724532779,293.444280220142,62.37350724532779,
244,245,ERP,1,4,3,,,,298.356568610482,-31.358538980296306,274.06363729278,-122.02099292273998,274.06363729278,-122.02099292273998,274.06363729278,-122.02099292273998,
245,246,LLP,2,0,3,,,,289.77774788672,-77.6457135307565,176.335575687742,-242.705098312484,176.335575687742,-242.705098312484,176.335575687742,-242.705098312484,
246,247,ERP,2,0,3,,,,293.444280220142,-62.373507245328,299.588860426372,15.7007868728831,299.588860426372,15.7007868728831,299.588860426372,15.7007868728831,
247,248,LLP,1,2,3,,,,299.588860426372,-15.7007868728833,285.316954888546,-92.7050983124843,285.316954888546,-92.7050983124843,285.316954888546,-92.7050983124843,
248,249,ERP,2,0,3,,,,296.306502178541,-46.9303395120693,222.943447643218,-200.739181907658,222.943447643218,-200.739181907658,222.943447643218,-200.739181907658,
249,250,ERP,2,0,3,,,,298.356568610482,-31.358538980296306,274.06363729278,-122.02099292273998,274.06363729278,-122.02099292273998,274.06363729278,-122.02099292273998,
250,251,LLP,2,0,3,,,,299.588860426372,-15.7007868728833,285.316954888546,-92.7050983124843,285.316954888546,-92.7050983124843,285.316954888546,-92.7050983124843,
251,252,BL,0,0,3,,,,259.8076211,150.0,,,,,,,
