TrialIndex,Jitter,ScannerRun,StimType,Order,Delay,CurrentImage,CurrentX,CurrentY,TripletMemberA,TripletMemberB,TripletMemberC,Xcoordinate,Ycoordinate,Xcoordinate_lure1,Ycoordinate_lure1,Xcoordinate_lure2,Ycoordinate_lure2,Xcoordinate_foil,Ycoordinate_foil
1.0,2000.0,1.0,OLP,1.0,3.0,stimuli/fractals/42c.jpg,-0.234375,0.1388888888888889,stimuli/fractals/42c.jpg,stimuli/fractals/42b.jpg,stimuli/fractals/42a.jpg,-0.234375,0.1388888888888889,-0.234375,-0.1388888888888889,-0.078125,0.1388888888888889,0.234375,-0.4166666666666667
2.0,6000.0,1.0,OLP,1.0,3.0,stimuli/fractals/64a.jpg,-0.078125,0.4166666666666667,stimuli/fractals/64a.jpg,stimuli/fractals/64c.jpg,stimuli/fractals/64b.jpg,-0.078125,0.4166666666666667,-0.234375,0.4166666666666667,-0.078125,0.1388888888888889,-0.390625,-0.4166666666666667
3.0,2000.0,1.0,LLP,1.0,5.0,stimuli/fractals/25c.jpg,0.390625,0.4166666666666667,stimuli/fractals/25c.jpg,stimuli/fractals/25b.jpg,stimuli/fractals/25a.jpg,0.390625,0.4166666666666667,0.234375,0.4166666666666667,0.390625,0.1388888888888889,-0.078125,-0.4166666666666667
4.0,1000.0,1.0,ERP,1.0,2.0,stimuli/fractals/4a.jpg,0.078125,0.4166666666666667,stimuli/fractals/4a.jpg,stimuli/fractals/4b.jpg,stimuli/fractals/4c.jpg,0.078125,0.4166666666666667,0.234375,0.4166666666666667,0.078125,0.1388888888888889,-0.390625,-0.1388888888888889
5.0,5000.0,1.0,OLP,2.0,0.0,stimuli/fractals/42b.jpg,-0.234375,0.1388888888888889,stimuli/fractals/42c.jpg,stimuli/fractals/42b.jpg,stimuli/fractals/42a.jpg,-0.234375,0.1388888888888889,-0.234375,-0.1388888888888889,-0.078125,0.1388888888888889,0.234375,-0.4166666666666667
6.0,3000.0,1.0,OLP,2.0,0.0,stimuli/fractals/64c.jpg,-0.078125,0.4166666666666667,stimuli/fractals/64a.jpg,stimuli/fractals/64c.jpg,stimuli/fractals/64b.jpg,-0.078125,0.4166666666666667,-0.234375,0.4166666666666667,-0.078125,0.1388888888888889,-0.390625,-0.4166666666666667
7.0,6000.0,1.0,ERP,2.0,0.0,stimuli/fractals/4a.jpg,0.078125,0.4166666666666667,stimuli/fractals/4a.jpg,stimuli/fractals/4b.jpg,stimuli/fractals/4c.jpg,0.078125,0.4166666666666667,0.234375,0.4166666666666667,0.078125,0.1388888888888889,-0.390625,-0.1388888888888889
8.0,2000.0,1.0,ERP,1.0,5.0,stimuli/fractals/7c.jpg,0.390625,0.1388888888888889,stimuli/fractals/7c.jpg,stimuli/fractals/7b.jpg,stimuli/fractals/7a.jpg,0.390625,0.1388888888888889,0.390625,-0.1388888888888889,0.390625,0.4166666666666667,-0.234375,0.4166666666666667
9.0,2000.0,1.0,LLP,2.0,0.0,stimuli/fractals/25c.jpg,0.234375,0.4166666666666667,stimuli/fractals/25c.jpg,stimuli/fractals/25b.jpg,stimuli/fractals/25a.jpg,0.390625,0.4166666666666667,0.234375,0.4166666666666667,0.390625,0.1388888888888889,-0.078125,-0.4166666666666667
10.0,3000.0,1.0,LLP,1.0,4.0,stimuli/fractals/135b.jpg,0.078125,-0.1388888888888889,stimuli/fractals/135b.jpg,stimuli/fractals/135c.jpg,stimuli/fractals/135a.jpg,0.078125,-0.1388888888888889,0.234375,-0.1388888888888889,0.078125,-0.4166666666666667,-0.390625,0.4166666666666667
11.0,2000.0,1.0,ERP,1.0,1.0,stimuli/fractals/110c.jpg,-0.234375,-0.4166666666666667,stimuli/fractals/110c.jpg,stimuli/fractals/110b.jpg,stimuli/fractals/110a.jpg,-0.234375,-0.4166666666666667,-0.234375,-0.1388888888888889,-0.078125,-0.4166666666666667,0.390625,0.1388888888888889
12.0,2000.0,1.0,OLP,1.0,4.0,stimuli/fractals/6a.jpg,0.390625,-0.4166666666666667,stimuli/fractals/6a.jpg,stimuli/fractals/6c.jpg,stimuli/fractals/6b.jpg,0.390625,-0.4166666666666667,0.390625,-0.1388888888888889,0.234375,-0.4166666666666667,-0.390625,0.4166666666666667
13.0,2000.0,1.0,ERP,2.0,0.0,stimuli/fractals/110c.jpg,-0.234375,-0.4166666666666667,stimuli/fractals/110c.jpg,stimuli/fractals/110b.jpg,stimuli/fractals/110a.jpg,-0.234375,-0.4166666666666667,-0.234375,-0.1388888888888889,-0.078125,-0.4166666666666667,0.390625,0.1388888888888889
14.0,500.0,1.0,ERP,2.0,0.0,stimuli/fractals/7c.jpg,0.390625,0.1388888888888889,stimuli/fractals/7c.jpg,stimuli/fractals/7b.jpg,stimuli/fractals/7a.jpg,0.390625,0.1388888888888889,0.390625,-0.1388888888888889,0.390625,0.4166666666666667,-0.234375,0.4166666666666667
15.0,500.0,1.0,LLP,2.0,0.0,stimuli/fractals/135b.jpg,0.234375,-0.1388888888888889,stimuli/fractals/135b.jpg,stimuli/fractals/135c.jpg,stimuli/fractals/135a.jpg,0.078125,-0.1388888888888889,0.234375,-0.1388888888888889,0.078125,-0.4166666666666667,-0.390625,0.4166666666666667
16.0,1000.0,1.0,LLP,1.0,2.0,stimuli/fractals/80b.jpg,-0.234375,0.1388888888888889,stimuli/fractals/80b.jpg,stimuli/fractals/80a.jpg,stimuli/fractals/80c.jpg,-0.234375,0.1388888888888889,-0.390625,0.1388888888888889,-0.078125,0.1388888888888889,0.390625,-0.4166666666666667
17.0,3000.0,1.0,OLP,2.0,0.0,stimuli/fractals/6c.jpg,0.390625,-0.4166666666666667,stimuli/fractals/6a.jpg,stimuli/fractals/6c.jpg,stimuli/fractals/6b.jpg,0.390625,-0.4166666666666667,0.390625,-0.1388888888888889,0.234375,-0.4166666666666667,-0.390625,0.4166666666666667
18.0,4000.0,1.0,OLP,1.0,1.0,stimuli/fractals/26b.jpg,-0.234375,0.4166666666666667,stimuli/fractals/26b.jpg,stimuli/fractals/26a.jpg,stimuli/fractals/26c.jpg,-0.234375,0.4166666666666667,-0.234375,0.1388888888888889,-0.078125,0.4166666666666667,0.390625,-0.4166666666666667
19.0,1000.0,1.0,LLP,2.0,0.0,stimuli/fractals/80b.jpg,-0.390625,0.1388888888888889,stimuli/fractals/80b.jpg,stimuli/fractals/80a.jpg,stimuli/fractals/80c.jpg,-0.234375,0.1388888888888889,-0.390625,0.1388888888888889,-0.078125,0.1388888888888889,0.390625,-0.4166666666666667
20.0,2000.0,1.0,OLP,2.0,0.0,stimuli/fractals/26a.jpg,-0.234375,0.4166666666666667,stimuli/fractals/26b.jpg,stimuli/fractals/26a.jpg,stimuli/fractals/26c.jpg,-0.234375,0.4166666666666667,-0.234375,0.1388888888888889,-0.078125,0.4166666666666667,0.390625,-0.4166666666666667
21.0,5000.0,1.0,BL,0.0,0.0,stimuli/fractals/32a.jpg,-0.390625,-0.4166666666666667,stimuli/fractals/32a.jpg,stimuli/fractals/32b.jpg,stimuli/fractals/32c.jpg,-0.390625,-0.4166666666666667,-0.234375,-0.4166666666666667,-0.390625,-0.1388888888888889,0.078125,0.1388888888888889
22.0,1000.0,1.0,ERP,1.0,3.0,stimuli/fractals/63a.jpg,-0.078125,-0.4166666666666667,stimuli/fractals/63a.jpg,stimuli/fractals/63b.jpg,stimuli/fractals/63c.jpg,-0.078125,-0.4166666666666667,-0.234375,-0.4166666666666667,-0.078125,-0.1388888888888889,0.234375,0.4166666666666667
23.0,2000.0,1.0,LLP,1.0,5.0,stimuli/fractals/105a.jpg,-0.078125,0.1388888888888889,stimuli/fractals/105a.jpg,stimuli/fractals/105c.jpg,stimuli/fractals/105b.jpg,-0.078125,0.1388888888888889,0.078125,0.1388888888888889,-0.078125,0.4166666666666667,0.390625,-0.4166666666666667
24.0,1000.0,1.0,ERP,1.0,2.0,stimuli/fractals/142c.jpg,0.078125,-0.4166666666666667,stimuli/fractals/142c.jpg,stimuli/fractals/142a.jpg,stimuli/fractals/142b.jpg,0.078125,-0.4166666666666667,0.078125,-0.1388888888888889,-0.078125,-0.4166666666666667,0.390625,0.4166666666666667
25.0,2000.0,1.0,ERP,1.0,5.0,stimuli/fractals/100b.jpg,-0.234375,-0.1388888888888889,stimuli/fractals/100b.jpg,stimuli/fractals/100a.jpg,stimuli/fractals/100c.jpg,-0.234375,-0.1388888888888889,-0.234375,0.1388888888888889,-0.078125,-0.1388888888888889,0.390625,0.4166666666666667
26.0,1000.0,1.0,ERP,2.0,0.0,stimuli/fractals/63a.jpg,-0.078125,-0.4166666666666667,stimuli/fractals/63a.jpg,stimuli/fractals/63b.jpg,stimuli/fractals/63c.jpg,-0.078125,-0.4166666666666667,-0.234375,-0.4166666666666667,-0.078125,-0.1388888888888889,0.234375,0.4166666666666667
27.0,5000.0,1.0,ERP,2.0,0.0,stimuli/fractals/142c.jpg,0.078125,-0.4166666666666667,stimuli/fractals/142c.jpg,stimuli/fractals/142a.jpg,stimuli/fractals/142b.jpg,0.078125,-0.4166666666666667,0.078125,-0.1388888888888889,-0.078125,-0.4166666666666667,0.390625,0.4166666666666667
28.0,2000.0,1.0,OLP,1.0,3.0,stimuli/fractals/8b.jpg,-0.234375,0.1388888888888889,stimuli/fractals/8b.jpg,stimuli/fractals/8c.jpg,stimuli/fractals/8a.jpg,-0.234375,0.1388888888888889,-0.234375,-0.1388888888888889,-0.234375,0.4166666666666667,0.390625,-0.4166666666666667
29.0,4000.0,1.0,LLP,2.0,0.0,stimuli/fractals/105a.jpg,0.078125,0.1388888888888889,stimuli/fractals/105a.jpg,stimuli/fractals/105c.jpg,stimuli/fractals/105b.jpg,-0.078125,0.1388888888888889,0.078125,0.1388888888888889,-0.078125,0.4166666666666667,0.390625,-0.4166666666666667
30.0,1000.0,1.0,OLP,1.0,2.0,stimuli/fractals/34c.jpg,0.078125,-0.1388888888888889,stimuli/fractals/34c.jpg,stimuli/fractals/34a.jpg,stimuli/fractals/34b.jpg,0.078125,-0.1388888888888889,0.234375,-0.1388888888888889,-0.078125,-0.1388888888888889,-0.390625,0.4166666666666667
31.0,3000.0,1.0,ERP,2.0,0.0,stimuli/fractals/100b.jpg,-0.234375,-0.1388888888888889,stimuli/fractals/100b.jpg,stimuli/fractals/100a.jpg,stimuli/fractals/100c.jpg,-0.234375,-0.1388888888888889,-0.234375,0.1388888888888889,-0.078125,-0.1388888888888889,0.390625,0.4166666666666667
32.0,4000.0,1.0,OLP,2.0,0.0,stimuli/fractals/8c.jpg,-0.234375,0.1388888888888889,stimuli/fractals/8b.jpg,stimuli/fractals/8c.jpg,stimuli/fractals/8a.jpg,-0.234375,0.1388888888888889,-0.234375,-0.1388888888888889,-0.234375,0.4166666666666667,0.390625,-0.4166666666666667
33.0,1000.0,1.0,OLP,2.0,0.0,stimuli/fractals/34a.jpg,0.078125,-0.1388888888888889,stimuli/fractals/34c.jpg,stimuli/fractals/34a.jpg,stimuli/fractals/34b.jpg,0.078125,-0.1388888888888889,0.234375,-0.1388888888888889,-0.078125,-0.1388888888888889,-0.390625,0.4166666666666667
34.0,3000.0,1.0,ERP,1.0,4.0,stimuli/fractals/24c.jpg,0.234375,-0.1388888888888889,stimuli/fractals/24c.jpg,stimuli/fractals/24a.jpg,stimuli/fractals/24b.jpg,0.234375,-0.1388888888888889,0.078125,-0.1388888888888889,0.390625,-0.1388888888888889,-0.390625,0.1388888888888889
35.0,7000.0,1.0,OLP,1.0,1.0,stimuli/fractals/66a.jpg,0.078125,0.1388888888888889,stimuli/fractals/66a.jpg,stimuli/fractals/66c.jpg,stimuli/fractals/66b.jpg,0.078125,0.1388888888888889,0.078125,0.4166666666666667,-0.078125,0.1388888888888889,-0.390625,-0.4166666666666667
36.0,1000.0,1.0,LLP,1.0,4.0,stimuli/fractals/99b.jpg,0.390625,0.1388888888888889,stimuli/fractals/99b.jpg,stimuli/fractals/99a.jpg,stimuli/fractals/99c.jpg,0.390625,0.1388888888888889,0.390625,0.4166666666666667,0.234375,0.1388888888888889,-0.390625,0.4166666666666667
37.0,1000.0,1.0,OLP,2.0,0.0,stimuli/fractals/66c.jpg,0.078125,0.1388888888888889,stimuli/fractals/66a.jpg,stimuli/fractals/66c.jpg,stimuli/fractals/66b.jpg,0.078125,0.1388888888888889,0.078125,0.4166666666666667,-0.078125,0.1388888888888889,-0.390625,-0.4166666666666667
38.0,3000.0,1.0,LLP,1.0,1.0,stimuli/fractals/76b.jpg,-0.234375,-0.1388888888888889,stimuli/fractals/76b.jpg,stimuli/fractals/76a.jpg,stimuli/fractals/76c.jpg,-0.234375,-0.1388888888888889,-0.390625,-0.1388888888888889,-0.078125,-0.1388888888888889,0.234375,0.4166666666666667
39.0,2000.0,1.0,ERP,2.0,0.0,stimuli/fractals/24c.jpg,0.234375,-0.1388888888888889,stimuli/fractals/24c.jpg,stimuli/fractals/24a.jpg,stimuli/fractals/24b.jpg,0.234375,-0.1388888888888889,0.078125,-0.1388888888888889,0.390625,-0.1388888888888889,-0.390625,0.1388888888888889
40.0,1000.0,1.0,LLP,2.0,0.0,stimuli/fractals/76b.jpg,-0.390625,-0.1388888888888889,stimuli/fractals/76b.jpg,stimuli/fractals/76a.jpg,stimuli/fractals/76c.jpg,-0.234375,-0.1388888888888889,-0.390625,-0.1388888888888889,-0.078125,-0.1388888888888889,0.234375,0.4166666666666667
41.0,3000.0,1.0,LLP,2.0,0.0,stimuli/fractals/99b.jpg,0.390625,0.4166666666666667,stimuli/fractals/99b.jpg,stimuli/fractals/99a.jpg,stimuli/fractals/99c.jpg,0.390625,0.1388888888888889,0.390625,0.4166666666666667,0.234375,0.1388888888888889,-0.390625,0.4166666666666667
42.0,3000.0,1.0,BL,0.0,0.0,stimuli/fractals/32a.jpg,-0.390625,-0.4166666666666667,stimuli/fractals/32a.jpg,stimuli/fractals/32b.jpg,stimuli/fractals/32c.jpg,-0.390625,-0.4166666666666667,-0.234375,-0.4166666666666667,-0.390625,-0.1388888888888889,0.078125,0.1388888888888889
43.0,2000.0,1.0,OLP,1.0,2.0,stimuli/fractals/67b.jpg,0.078125,0.1388888888888889,stimuli/fractals/67b.jpg,stimuli/fractals/67c.jpg,stimuli/fractals/67a.jpg,0.078125,0.1388888888888889,0.078125,0.4166666666666667,0.078125,-0.1388888888888889,-0.390625,-0.4166666666666667
44.0,2000.0,1.0,OLP,1.0,5.0,stimuli/fractals/29a.jpg,-0.234375,-0.4166666666666667,stimuli/fractals/29a.jpg,stimuli/fractals/29b.jpg,stimuli/fractals/29c.jpg,-0.234375,-0.4166666666666667,-0.234375,-0.1388888888888889,-0.078125,-0.4166666666666667,0.390625,0.4166666666666667
45.0,1000.0,1.0,ERP,1.0,5.0,stimuli/fractals/60a.jpg,-0.078125,-0.1388888888888889,stimuli/fractals/60a.jpg,stimuli/fractals/60c.jpg,stimuli/fractals/60b.jpg,-0.078125,-0.1388888888888889,-0.078125,-0.4166666666666667,0.078125,-0.1388888888888889,0.390625,0.4166666666666667
46.0,4000.0,1.0,OLP,2.0,0.0,stimuli/fractals/67c.jpg,0.078125,0.1388888888888889,stimuli/fractals/67b.jpg,stimuli/fractals/67c.jpg,stimuli/fractals/67a.jpg,0.078125,0.1388888888888889,0.078125,0.4166666666666667,0.078125,-0.1388888888888889,-0.390625,-0.4166666666666667
47.0,1000.0,1.0,LLP,1.0,1.0,stimuli/fractals/59b.jpg,0.234375,0.1388888888888889,stimuli/fractals/59b.jpg,stimuli/fractals/59a.jpg,stimuli/fractals/59c.jpg,0.234375,0.1388888888888889,0.390625,0.1388888888888889,0.078125,0.1388888888888889,-0.390625,-0.4166666666666667
48.0,1000.0,1.0,ERP,1.0,3.0,stimuli/fractals/109c.jpg,-0.234375,-0.4166666666666667,stimuli/fractals/109c.jpg,stimuli/fractals/109b.jpg,stimuli/fractals/109a.jpg,-0.234375,-0.4166666666666667,-0.390625,-0.4166666666666667,-0.234375,-0.1388888888888889,0.390625,0.4166666666666667
49.0,1000.0,1.0,LLP,2.0,0.0,stimuli/fractals/59b.jpg,0.390625,0.1388888888888889,stimuli/fractals/59b.jpg,stimuli/fractals/59a.jpg,stimuli/fractals/59c.jpg,0.234375,0.1388888888888889,0.390625,0.1388888888888889,0.078125,0.1388888888888889,-0.390625,-0.4166666666666667
50.0,1000.0,1.0,OLP,2.0,0.0,stimuli/fractals/29b.jpg,-0.234375,-0.4166666666666667,stimuli/fractals/29a.jpg,stimuli/fractals/29b.jpg,stimuli/fractals/29c.jpg,-0.234375,-0.4166666666666667,-0.234375,-0.1388888888888889,-0.078125,-0.4166666666666667,0.390625,0.4166666666666667
51.0,3000.0,1.0,ERP,2.0,0.0,stimuli/fractals/60a.jpg,-0.078125,-0.1388888888888889,stimuli/fractals/60a.jpg,stimuli/fractals/60c.jpg,stimuli/fractals/60b.jpg,-0.078125,-0.1388888888888889,-0.078125,-0.4166666666666667,0.078125,-0.1388888888888889,0.390625,0.4166666666666667
52.0,3000.0,1.0,ERP,2.0,0.0,stimuli/fractals/109c.jpg,-0.234375,-0.4166666666666667,stimuli/fractals/109c.jpg,stimuli/fractals/109b.jpg,stimuli/fractals/109a.jpg,-0.234375,-0.4166666666666667,-0.390625,-0.4166666666666667,-0.234375,-0.1388888888888889,0.390625,0.4166666666666667
53.0,500.0,1.0,OLP,1.0,1.0,stimuli/fractals/1b.jpg,0.390625,-0.1388888888888889,stimuli/fractals/1b.jpg,stimuli/fractals/1a.jpg,stimuli/fractals/1c.jpg,0.390625,-0.1388888888888889,0.390625,-0.4166666666666667,0.234375,-0.1388888888888889,-0.234375,0.1388888888888889
54.0,1000.0,1.0,OLP,1.0,4.0,stimuli/fractals/37a.jpg,-0.078125,0.4166666666666667,stimuli/fractals/37a.jpg,stimuli/fractals/37b.jpg,stimuli/fractals/37c.jpg,-0.078125,0.4166666666666667,0.078125,0.4166666666666667,-0.234375,0.4166666666666667,0.390625,-0.4166666666666667
55.0,1000.0,1.0,OLP,2.0,0.0,stimuli/fractals/1a.jpg,0.390625,-0.1388888888888889,stimuli/fractals/1b.jpg,stimuli/fractals/1a.jpg,stimuli/fractals/1c.jpg,0.390625,-0.1388888888888889,0.390625,-0.4166666666666667,0.234375,-0.1388888888888889,-0.234375,0.1388888888888889
56.0,1000.0,1.0,LLP,1.0,4.0,stimuli/fractals/12a.jpg,0.078125,0.1388888888888889,stimuli/fractals/12a.jpg,stimuli/fractals/12b.jpg,stimuli/fractals/12c.jpg,0.078125,0.1388888888888889,0.078125,0.4166666666666667,0.078125,-0.1388888888888889,-0.390625,-0.4166666666666667
57.0,500.0,1.0,ERP,1.0,2.0,stimuli/fractals/90c.jpg,-0.390625,-0.4166666666666667,stimuli/fractals/90c.jpg,stimuli/fractals/90b.jpg,stimuli/fractals/90a.jpg,-0.390625,-0.4166666666666667,-0.234375,-0.4166666666666667,-0.390625,-0.1388888888888889,0.390625,0.4166666666666667
58.0,2000.0,1.0,ERP,1.0,3.0,stimuli/fractals/14a.jpg,-0.390625,-0.1388888888888889,stimuli/fractals/14a.jpg,stimuli/fractals/14c.jpg,stimuli/fractals/14b.jpg,-0.390625,-0.1388888888888889,-0.390625,-0.4166666666666667,-0.390625,0.1388888888888889,0.390625,-0.4166666666666667
59.0,500.0,1.0,OLP,2.0,0.0,stimuli/fractals/37b.jpg,-0.078125,0.4166666666666667,stimuli/fractals/37a.jpg,stimuli/fractals/37b.jpg,stimuli/fractals/37c.jpg,-0.078125,0.4166666666666667,0.078125,0.4166666666666667,-0.234375,0.4166666666666667,0.390625,-0.4166666666666667
60.0,6000.0,1.0,ERP,2.0,0.0,stimuli/fractals/90c.jpg,-0.390625,-0.4166666666666667,stimuli/fractals/90c.jpg,stimuli/fractals/90b.jpg,stimuli/fractals/90a.jpg,-0.390625,-0.4166666666666667,-0.234375,-0.4166666666666667,-0.390625,-0.1388888888888889,0.390625,0.4166666666666667
61.0,8000.0,1.0,LLP,2.0,0.0,stimuli/fractals/12a.jpg,0.078125,0.4166666666666667,stimuli/fractals/12a.jpg,stimuli/fractals/12b.jpg,stimuli/fractals/12c.jpg,0.078125,0.1388888888888889,0.078125,0.4166666666666667,0.078125,-0.1388888888888889,-0.390625,-0.4166666666666667
62.0,7000.0,1.0,ERP,2.0,0.0,stimuli/fractals/14a.jpg,-0.390625,-0.1388888888888889,stimuli/fractals/14a.jpg,stimuli/fractals/14c.jpg,stimuli/fractals/14b.jpg,-0.390625,-0.1388888888888889,-0.390625,-0.4166666666666667,-0.390625,0.1388888888888889,0.390625,-0.4166666666666667
63.0,1000.0,1.0,BL,0.0,0.0,stimuli/fractals/32a.jpg,-0.390625,-0.4166666666666667,stimuli/fractals/32a.jpg,stimuli/fractals/32b.jpg,stimuli/fractals/32c.jpg,-0.390625,-0.4166666666666667,-0.234375,-0.4166666666666667,-0.390625,-0.1388888888888889,0.078125,0.1388888888888889
64.0,4000.0,1.0,OLP,1.0,1.0,stimuli/fractals/46c.jpg,-0.078125,-0.1388888888888889,stimuli/fractals/46c.jpg,stimuli/fractals/46a.jpg,stimuli/fractals/46b.jpg,-0.078125,-0.1388888888888889,-0.078125,-0.4166666666666667,-0.234375,-0.1388888888888889,0.390625,0.4166666666666667
65.0,2000.0,1.0,OLP,1.0,1.0,stimuli/fractals/72b.jpg,0.078125,-0.1388888888888889,stimuli/fractals/72b.jpg,stimuli/fractals/72c.jpg,stimuli/fractals/72a.jpg,0.078125,-0.1388888888888889,0.078125,-0.4166666666666667,0.234375,-0.1388888888888889,-0.390625,0.4166666666666667
66.0,4000.0,1.0,OLP,2.0,0.0,stimuli/fractals/46a.jpg,-0.078125,-0.1388888888888889,stimuli/fractals/46c.jpg,stimuli/fractals/46a.jpg,stimuli/fractals/46b.jpg,-0.078125,-0.1388888888888889,-0.078125,-0.4166666666666667,-0.234375,-0.1388888888888889,0.390625,0.4166666666666667
67.0,1000.0,1.0,OLP,2.0,0.0,stimuli/fractals/72c.jpg,0.078125,-0.1388888888888889,stimuli/fractals/72b.jpg,stimuli/fractals/72c.jpg,stimuli/fractals/72a.jpg,0.078125,-0.1388888888888889,0.078125,-0.4166666666666667,0.234375,-0.1388888888888889,-0.390625,0.4166666666666667
68.0,3000.0,1.0,OLP,1.0,4.0,stimuli/fractals/95a.jpg,0.234375,-0.4166666666666667,stimuli/fractals/95a.jpg,stimuli/fractals/95b.jpg,stimuli/fractals/95c.jpg,0.234375,-0.4166666666666667,0.390625,-0.4166666666666667,0.078125,-0.4166666666666667,-0.234375,0.1388888888888889
69.0,1000.0,1.0,LLP,1.0,2.0,stimuli/fractals/144a.jpg,-0.390625,-0.1388888888888889,stimuli/fractals/144a.jpg,stimuli/fractals/144b.jpg,stimuli/fractals/144c.jpg,-0.390625,-0.1388888888888889,-0.390625,-0.4166666666666667,-0.234375,-0.1388888888888889,0.234375,-0.4166666666666667
70.0,1000.0,1.0,OLP,1.0,3.0,stimuli/fractals/27a.jpg,-0.390625,0.1388888888888889,stimuli/fractals/27a.jpg,stimuli/fractals/27b.jpg,stimuli/fractals/27c.jpg,-0.390625,0.1388888888888889,-0.234375,0.1388888888888889,-0.390625,-0.1388888888888889,0.390625,-0.1388888888888889
71.0,500.0,1.0,ERP,1.0,5.0,stimuli/fractals/138a.jpg,-0.234375,0.4166666666666667,stimuli/fractals/138a.jpg,stimuli/fractals/138c.jpg,stimuli/fractals/138b.jpg,-0.234375,0.4166666666666667,-0.234375,0.1388888888888889,-0.078125,0.4166666666666667,0.078125,-0.4166666666666667
72.0,7000.0,1.0,LLP,2.0,0.0,stimuli/fractals/144a.jpg,-0.390625,-0.4166666666666667,stimuli/fractals/144a.jpg,stimuli/fractals/144b.jpg,stimuli/fractals/144c.jpg,-0.390625,-0.1388888888888889,-0.390625,-0.4166666666666667,-0.234375,-0.1388888888888889,0.234375,-0.4166666666666667
73.0,4000.0,1.0,OLP,2.0,0.0,stimuli/fractals/95b.jpg,0.234375,-0.4166666666666667,stimuli/fractals/95a.jpg,stimuli/fractals/95b.jpg,stimuli/fractals/95c.jpg,0.234375,-0.4166666666666667,0.390625,-0.4166666666666667,0.078125,-0.4166666666666667,-0.234375,0.1388888888888889
74.0,2000.0,1.0,OLP,2.0,0.0,stimuli/fractals/27b.jpg,-0.390625,0.1388888888888889,stimuli/fractals/27a.jpg,stimuli/fractals/27b.jpg,stimuli/fractals/27c.jpg,-0.390625,0.1388888888888889,-0.234375,0.1388888888888889,-0.390625,-0.1388888888888889,0.390625,-0.1388888888888889
75.0,2000.0,1.0,LLP,1.0,5.0,stimuli/fractals/69c.jpg,-0.078125,-0.4166666666666667,stimuli/fractals/69c.jpg,stimuli/fractals/69b.jpg,stimuli/fractals/69a.jpg,-0.078125,-0.4166666666666667,0.078125,-0.4166666666666667,-0.234375,-0.4166666666666667,0.234375,0.4166666666666667
76.0,2000.0,1.0,OLP,1.0,3.0,stimuli/fractals/86a.jpg,0.078125,-0.1388888888888889,stimuli/fractals/86a.jpg,stimuli/fractals/86c.jpg,stimuli/fractals/86b.jpg,0.078125,-0.1388888888888889,0.078125,0.1388888888888889,-0.078125,-0.1388888888888889,-0.390625,0.4166666666666667
77.0,1000.0,1.0,ERP,2.0,0.0,stimuli/fractals/138a.jpg,-0.234375,0.4166666666666667,stimuli/fractals/138a.jpg,stimuli/fractals/138c.jpg,stimuli/fractals/138b.jpg,-0.234375,0.4166666666666667,-0.234375,0.1388888888888889,-0.078125,0.4166666666666667,0.078125,-0.4166666666666667
78.0,7000.0,1.0,OLP,1.0,4.0,stimuli/fractals/43b.jpg,-0.078125,0.1388888888888889,stimuli/fractals/43b.jpg,stimuli/fractals/43c.jpg,stimuli/fractals/43a.jpg,-0.078125,0.1388888888888889,-0.234375,0.1388888888888889,-0.078125,-0.1388888888888889,0.390625,-0.4166666666666667
79.0,1000.0,1.0,ERP,1.0,2.0,stimuli/fractals/113a.jpg,-0.078125,-0.1388888888888889,stimuli/fractals/113a.jpg,stimuli/fractals/113c.jpg,stimuli/fractals/113b.jpg,-0.078125,-0.1388888888888889,-0.234375,-0.1388888888888889,-0.078125,0.1388888888888889,0.390625,0.4166666666666667
80.0,1000.0,1.0,OLP,2.0,0.0,stimuli/fractals/86c.jpg,0.078125,-0.1388888888888889,stimuli/fractals/86a.jpg,stimuli/fractals/86c.jpg,stimuli/fractals/86b.jpg,0.078125,-0.1388888888888889,0.078125,0.1388888888888889,-0.078125,-0.1388888888888889,-0.390625,0.4166666666666667
81.0,1000.0,1.0,LLP,2.0,0.0,stimuli/fractals/69c.jpg,0.078125,-0.4166666666666667,stimuli/fractals/69c.jpg,stimuli/fractals/69b.jpg,stimuli/fractals/69a.jpg,-0.078125,-0.4166666666666667,0.078125,-0.4166666666666667,-0.234375,-0.4166666666666667,0.234375,0.4166666666666667
82.0,4000.0,1.0,ERP,2.0,0.0,stimuli/fractals/113a.jpg,-0.078125,-0.1388888888888889,stimuli/fractals/113a.jpg,stimuli/fractals/113c.jpg,stimuli/fractals/113b.jpg,-0.078125,-0.1388888888888889,-0.234375,-0.1388888888888889,-0.078125,0.1388888888888889,0.390625,0.4166666666666667
83.0,1000.0,1.0,OLP,2.0,0.0,stimuli/fractals/43c.jpg,-0.078125,0.1388888888888889,stimuli/fractals/43b.jpg,stimuli/fractals/43c.jpg,stimuli/fractals/43a.jpg,-0.078125,0.1388888888888889,-0.234375,0.1388888888888889,-0.078125,-0.1388888888888889,0.390625,-0.4166666666666667
84.0,3000.0,1.0,BL,0.0,0.0,stimuli/fractals/32a.jpg,-0.390625,-0.4166666666666667,stimuli/fractals/32a.jpg,stimuli/fractals/32b.jpg,stimuli/fractals/32c.jpg,-0.390625,-0.4166666666666667,-0.234375,-0.4166666666666667,-0.390625,-0.1388888888888889,0.078125,0.1388888888888889
85.0,500.0,2.0,LLP,1.0,1.0,stimuli/fractals/136b.jpg,0.234375,-0.1388888888888889,stimuli/fractals/136b.jpg,stimuli/fractals/136a.jpg,stimuli/fractals/136c.jpg,0.234375,-0.1388888888888889,0.234375,-0.4166666666666667,0.234375,0.1388888888888889,-0.390625,0.1388888888888889
86.0,3000.0,2.0,OLP,1.0,2.0,stimuli/fractals/17a.jpg,-0.234375,-0.1388888888888889,stimuli/fractals/17a.jpg,stimuli/fractals/17b.jpg,stimuli/fractals/17c.jpg,-0.234375,-0.1388888888888889,-0.234375,-0.4166666666666667,-0.390625,-0.1388888888888889,0.390625,-0.4166666666666667
87.0,2000.0,2.0,LLP,2.0,0.0,stimuli/fractals/136b.jpg,0.234375,-0.4166666666666667,stimuli/fractals/136b.jpg,stimuli/fractals/136a.jpg,stimuli/fractals/136c.jpg,0.234375,-0.1388888888888889,0.234375,-0.4166666666666667,0.234375,0.1388888888888889,-0.390625,0.1388888888888889
88.0,3000.0,2.0,OLP,1.0,1.0,stimuli/fractals/88a.jpg,0.390625,0.4166666666666667,stimuli/fractals/88a.jpg,stimuli/fractals/88b.jpg,stimuli/fractals/88c.jpg,0.390625,0.4166666666666667,0.234375,0.4166666666666667,0.390625,0.1388888888888889,-0.234375,0.1388888888888889
89.0,3000.0,2.0,OLP,2.0,0.0,stimuli/fractals/17b.jpg,-0.234375,-0.1388888888888889,stimuli/fractals/17a.jpg,stimuli/fractals/17b.jpg,stimuli/fractals/17c.jpg,-0.234375,-0.1388888888888889,-0.234375,-0.4166666666666667,-0.390625,-0.1388888888888889,0.390625,-0.4166666666666667
90.0,4000.0,2.0,OLP,2.0,0.0,stimuli/fractals/88b.jpg,0.390625,0.4166666666666667,stimuli/fractals/88a.jpg,stimuli/fractals/88b.jpg,stimuli/fractals/88c.jpg,0.390625,0.4166666666666667,0.234375,0.4166666666666667,0.390625,0.1388888888888889,-0.234375,0.1388888888888889
91.0,3000.0,2.0,ERP,1.0,3.0,stimuli/fractals/45c.jpg,-0.078125,-0.4166666666666667,stimuli/fractals/45c.jpg,stimuli/fractals/45b.jpg,stimuli/fractals/45a.jpg,-0.078125,-0.4166666666666667,-0.234375,-0.4166666666666667,-0.078125,-0.1388888888888889,0.390625,0.4166666666666667
92.0,2000.0,2.0,ERP,1.0,3.0,stimuli/fractals/84a.jpg,0.078125,-0.1388888888888889,stimuli/fractals/84a.jpg,stimuli/fractals/84b.jpg,stimuli/fractals/84c.jpg,0.078125,-0.1388888888888889,0.078125,0.1388888888888889,-0.078125,-0.1388888888888889,-0.390625,0.4166666666666667
93.0,8000.0,2.0,OLP,1.0,5.0,stimuli/fractals/129c.jpg,0.078125,0.4166666666666667,stimuli/fractals/129c.jpg,stimuli/fractals/129a.jpg,stimuli/fractals/129b.jpg,0.078125,0.4166666666666667,0.234375,0.4166666666666667,-0.078125,0.4166666666666667,-0.390625,-0.4166666666666667
94.0,1000.0,2.0,LLP,1.0,5.0,stimuli/fractals/62c.jpg,0.234375,-0.1388888888888889,stimuli/fractals/62c.jpg,stimuli/fractals/62a.jpg,stimuli/fractals/62b.jpg,0.234375,-0.1388888888888889,0.078125,-0.1388888888888889,0.234375,0.1388888888888889,-0.390625,0.1388888888888889
95.0,500.0,2.0,ERP,2.0,0.0,stimuli/fractals/45c.jpg,-0.078125,-0.4166666666666667,stimuli/fractals/45c.jpg,stimuli/fractals/45b.jpg,stimuli/fractals/45a.jpg,-0.078125,-0.4166666666666667,-0.234375,-0.4166666666666667,-0.078125,-0.1388888888888889,0.390625,0.4166666666666667
96.0,2000.0,2.0,ERP,2.0,0.0,stimuli/fractals/84a.jpg,0.078125,-0.1388888888888889,stimuli/fractals/84a.jpg,stimuli/fractals/84b.jpg,stimuli/fractals/84c.jpg,0.078125,-0.1388888888888889,0.078125,0.1388888888888889,-0.078125,-0.1388888888888889,-0.390625,0.4166666666666667
97.0,2000.0,2.0,LLP,1.0,4.0,stimuli/fractals/44b.jpg,-0.390625,0.4166666666666667,stimuli/fractals/44b.jpg,stimuli/fractals/44a.jpg,stimuli/fractals/44c.jpg,-0.390625,0.4166666666666667,-0.390625,0.1388888888888889,-0.234375,0.4166666666666667,0.390625,-0.4166666666666667
98.0,6000.0,2.0,ERP,1.0,4.0,stimuli/fractals/52a.jpg,-0.234375,-0.1388888888888889,stimuli/fractals/52a.jpg,stimuli/fractals/52c.jpg,stimuli/fractals/52b.jpg,-0.234375,-0.1388888888888889,-0.390625,-0.1388888888888889,-0.234375,-0.4166666666666667,0.390625,0.1388888888888889
99.0,4000.0,2.0,OLP,2.0,0.0,stimuli/fractals/129a.jpg,0.078125,0.4166666666666667,stimuli/fractals/129c.jpg,stimuli/fractals/129a.jpg,stimuli/fractals/129b.jpg,0.078125,0.4166666666666667,0.234375,0.4166666666666667,-0.078125,0.4166666666666667,-0.390625,-0.4166666666666667
100.0,3000.0,2.0,LLP,2.0,0.0,stimuli/fractals/62c.jpg,0.078125,-0.1388888888888889,stimuli/fractals/62c.jpg,stimuli/fractals/62a.jpg,stimuli/fractals/62b.jpg,0.234375,-0.1388888888888889,0.078125,-0.1388888888888889,0.234375,0.1388888888888889,-0.390625,0.1388888888888889
101.0,6000.0,2.0,LLP,1.0,2.0,stimuli/fractals/116c.jpg,-0.390625,0.1388888888888889,stimuli/fractals/116c.jpg,stimuli/fractals/116a.jpg,stimuli/fractals/116b.jpg,-0.390625,0.1388888888888889,-0.234375,0.1388888888888889,-0.390625,-0.1388888888888889,0.390625,-0.1388888888888889
102.0,2000.0,2.0,LLP,2.0,0.0,stimuli/fractals/44b.jpg,-0.390625,0.1388888888888889,stimuli/fractals/44b.jpg,stimuli/fractals/44a.jpg,stimuli/fractals/44c.jpg,-0.390625,0.4166666666666667,-0.390625,0.1388888888888889,-0.234375,0.4166666666666667,0.390625,-0.4166666666666667
103.0,1000.0,2.0,ERP,2.0,0.0,stimuli/fractals/52a.jpg,-0.234375,-0.1388888888888889,stimuli/fractals/52a.jpg,stimuli/fractals/52c.jpg,stimuli/fractals/52b.jpg,-0.234375,-0.1388888888888889,-0.390625,-0.1388888888888889,-0.234375,-0.4166666666666667,0.390625,0.1388888888888889
104.0,3000.0,2.0,LLP,2.0,0.0,stimuli/fractals/116c.jpg,-0.234375,0.1388888888888889,stimuli/fractals/116c.jpg,stimuli/fractals/116a.jpg,stimuli/fractals/116b.jpg,-0.390625,0.1388888888888889,-0.234375,0.1388888888888889,-0.390625,-0.1388888888888889,0.390625,-0.1388888888888889
105.0,1000.0,2.0,BL,0.0,0.0,stimuli/fractals/32a.jpg,-0.390625,-0.4166666666666667,stimuli/fractals/32a.jpg,stimuli/fractals/32b.jpg,stimuli/fractals/32c.jpg,-0.390625,-0.4166666666666667,-0.234375,-0.4166666666666667,-0.390625,-0.1388888888888889,0.078125,0.1388888888888889
106.0,1000.0,2.0,ERP,1.0,4.0,stimuli/fractals/87c.jpg,-0.078125,0.1388888888888889,stimuli/fractals/87c.jpg,stimuli/fractals/87a.jpg,stimuli/fractals/87b.jpg,-0.078125,0.1388888888888889,-0.234375,0.1388888888888889,0.078125,0.1388888888888889,0.390625,-0.4166666666666667
107.0,1000.0,2.0,OLP,1.0,5.0,stimuli/fractals/139b.jpg,-0.078125,-0.1388888888888889,stimuli/fractals/139b.jpg,stimuli/fractals/139c.jpg,stimuli/fractals/139a.jpg,-0.078125,-0.1388888888888889,-0.078125,-0.4166666666666667,-0.234375,-0.1388888888888889,0.390625,0.4166666666666667
108.0,5000.0,2.0,LLP,1.0,5.0,stimuli/fractals/38c.jpg,0.234375,-0.4166666666666667,stimuli/fractals/38c.jpg,stimuli/fractals/38a.jpg,stimuli/fractals/38b.jpg,0.234375,-0.4166666666666667,0.234375,-0.1388888888888889,0.078125,-0.4166666666666667,-0.390625,-0.1388888888888889
109.0,2000.0,2.0,OLP,1.0,2.0,stimuli/fractals/73b.jpg,-0.390625,0.4166666666666667,stimuli/fractals/73b.jpg,stimuli/fractals/73c.jpg,stimuli/fractals/73a.jpg,-0.390625,0.4166666666666667,-0.234375,0.4166666666666667,-0.390625,0.1388888888888889,0.390625,-0.1388888888888889
110.0,1000.0,2.0,ERP,1.0,4.0,stimuli/fractals/54a.jpg,-0.078125,0.1388888888888889,stimuli/fractals/54a.jpg,stimuli/fractals/54c.jpg,stimuli/fractals/54b.jpg,-0.078125,0.1388888888888889,0.078125,0.1388888888888889,-0.078125,-0.1388888888888889,0.390625,-0.4166666666666667
111.0,2000.0,2.0,ERP,2.0,0.0,stimuli/fractals/87c.jpg,-0.078125,0.1388888888888889,stimuli/fractals/87c.jpg,stimuli/fractals/87a.jpg,stimuli/fractals/87b.jpg,-0.078125,0.1388888888888889,-0.234375,0.1388888888888889,0.078125,0.1388888888888889,0.390625,-0.4166666666666667
112.0,5000.0,2.0,OLP,2.0,0.0,stimuli/fractals/73c.jpg,-0.390625,0.4166666666666667,stimuli/fractals/73b.jpg,stimuli/fractals/73c.jpg,stimuli/fractals/73a.jpg,-0.390625,0.4166666666666667,-0.234375,0.4166666666666667,-0.390625,0.1388888888888889,0.390625,-0.1388888888888889
113.0,1000.0,2.0,OLP,2.0,0.0,stimuli/fractals/139c.jpg,-0.078125,-0.1388888888888889,stimuli/fractals/139b.jpg,stimuli/fractals/139c.jpg,stimuli/fractals/139a.jpg,-0.078125,-0.1388888888888889,-0.078125,-0.4166666666666667,-0.234375,-0.1388888888888889,0.390625,0.4166666666666667
114.0,1000.0,2.0,LLP,2.0,0.0,stimuli/fractals/38c.jpg,0.234375,-0.1388888888888889,stimuli/fractals/38c.jpg,stimuli/fractals/38a.jpg,stimuli/fractals/38b.jpg,0.234375,-0.4166666666666667,0.234375,-0.1388888888888889,0.078125,-0.4166666666666667,-0.390625,-0.1388888888888889
115.0,2000.0,2.0,ERP,2.0,0.0,stimuli/fractals/54a.jpg,-0.078125,0.1388888888888889,stimuli/fractals/54a.jpg,stimuli/fractals/54c.jpg,stimuli/fractals/54b.jpg,-0.078125,0.1388888888888889,0.078125,0.1388888888888889,-0.078125,-0.1388888888888889,0.390625,-0.4166666666666667
116.0,5000.0,2.0,ERP,1.0,3.0,stimuli/fractals/120b.jpg,0.234375,-0.4166666666666667,stimuli/fractals/120b.jpg,stimuli/fractals/120c.jpg,stimuli/fractals/120a.jpg,0.234375,-0.4166666666666667,0.078125,-0.4166666666666667,0.390625,-0.4166666666666667,-0.390625,0.4166666666666667
117.0,6000.0,2.0,LLP,1.0,1.0,stimuli/fractals/78a.jpg,0.390625,-0.1388888888888889,stimuli/fractals/78a.jpg,stimuli/fractals/78c.jpg,stimuli/fractals/78b.jpg,0.390625,-0.1388888888888889,0.390625,-0.4166666666666667,0.234375,-0.1388888888888889,-0.234375,0.4166666666666667
118.0,2000.0,2.0,LLP,1.0,3.0,stimuli/fractals/119c.jpg,0.078125,0.1388888888888889,stimuli/fractals/119c.jpg,stimuli/fractals/119a.jpg,stimuli/fractals/119b.jpg,0.078125,0.1388888888888889,-0.078125,0.1388888888888889,0.234375,0.1388888888888889,-0.390625,-0.4166666666666667
119.0,500.0,2.0,LLP,2.0,0.0,stimuli/fractals/78a.jpg,0.390625,-0.4166666666666667,stimuli/fractals/78a.jpg,stimuli/fractals/78c.jpg,stimuli/fractals/78b.jpg,0.390625,-0.1388888888888889,0.390625,-0.4166666666666667,0.234375,-0.1388888888888889,-0.234375,0.4166666666666667
120.0,1000.0,2.0,ERP,2.0,0.0,stimuli/fractals/120b.jpg,0.234375,-0.4166666666666667,stimuli/fractals/120b.jpg,stimuli/fractals/120c.jpg,stimuli/fractals/120a.jpg,0.234375,-0.4166666666666667,0.078125,-0.4166666666666667,0.390625,-0.4166666666666667,-0.390625,0.4166666666666667
121.0,3000.0,2.0,LLP,1.0,2.0,stimuli/fractals/89c.jpg,0.234375,-0.1388888888888889,stimuli/fractals/89c.jpg,stimuli/fractals/89a.jpg,stimuli/fractals/89b.jpg,0.234375,-0.1388888888888889,0.390625,-0.1388888888888889,0.234375,0.1388888888888889,-0.390625,0.4166666666666667
122.0,1000.0,2.0,LLP,2.0,0.0,stimuli/fractals/119c.jpg,-0.078125,0.1388888888888889,stimuli/fractals/119c.jpg,stimuli/fractals/119a.jpg,stimuli/fractals/119b.jpg,0.078125,0.1388888888888889,-0.078125,0.1388888888888889,0.234375,0.1388888888888889,-0.390625,-0.4166666666666667
123.0,2000.0,2.0,ERP,1.0,1.0,stimuli/fractals/118a.jpg,-0.390625,0.1388888888888889,stimuli/fractals/118a.jpg,stimuli/fractals/118c.jpg,stimuli/fractals/118b.jpg,-0.390625,0.1388888888888889,-0.390625,0.4166666666666667,-0.234375,0.1388888888888889,0.234375,-0.4166666666666667
124.0,2000.0,2.0,LLP,2.0,0.0,stimuli/fractals/89c.jpg,0.390625,-0.1388888888888889,stimuli/fractals/89c.jpg,stimuli/fractals/89a.jpg,stimuli/fractals/89b.jpg,0.234375,-0.1388888888888889,0.390625,-0.1388888888888889,0.234375,0.1388888888888889,-0.390625,0.4166666666666667
125.0,1000.0,2.0,ERP,2.0,0.0,stimuli/fractals/118a.jpg,-0.390625,0.1388888888888889,stimuli/fractals/118a.jpg,stimuli/fractals/118c.jpg,stimuli/fractals/118b.jpg,-0.390625,0.1388888888888889,-0.390625,0.4166666666666667,-0.234375,0.1388888888888889,0.234375,-0.4166666666666667
126.0,1000.0,2.0,BL,0.0,0.0,stimuli/fractals/32a.jpg,-0.390625,-0.4166666666666667,stimuli/fractals/32a.jpg,stimuli/fractals/32b.jpg,stimuli/fractals/32c.jpg,-0.390625,-0.4166666666666667,-0.234375,-0.4166666666666667,-0.390625,-0.1388888888888889,0.078125,0.1388888888888889
127.0,500.0,2.0,ERP,1.0,1.0,stimuli/fractals/126b.jpg,0.078125,-0.4166666666666667,stimuli/fractals/126b.jpg,stimuli/fractals/126c.jpg,stimuli/fractals/126a.jpg,0.078125,-0.4166666666666667,0.078125,-0.1388888888888889,0.234375,-0.4166666666666667,-0.390625,0.4166666666666667
128.0,3000.0,2.0,OLP,1.0,3.0,stimuli/fractals/2c.jpg,-0.234375,0.4166666666666667,stimuli/fractals/2c.jpg,stimuli/fractals/2a.jpg,stimuli/fractals/2b.jpg,-0.234375,0.4166666666666667,-0.078125,0.4166666666666667,-0.234375,0.1388888888888889,0.390625,-0.1388888888888889
129.0,2000.0,2.0,ERP,2.0,0.0,stimuli/fractals/126b.jpg,0.078125,-0.4166666666666667,stimuli/fractals/126b.jpg,stimuli/fractals/126c.jpg,stimuli/fractals/126a.jpg,0.078125,-0.4166666666666667,0.078125,-0.1388888888888889,0.234375,-0.4166666666666667,-0.390625,0.4166666666666667
130.0,2000.0,2.0,LLP,1.0,2.0,stimuli/fractals/19c.jpg,-0.078125,0.1388888888888889,stimuli/fractals/19c.jpg,stimuli/fractals/19a.jpg,stimuli/fractals/19b.jpg,-0.078125,0.1388888888888889,0.078125,0.1388888888888889,-0.078125,0.4166666666666667,0.390625,-0.4166666666666667
131.0,1000.0,2.0,LLP,1.0,3.0,stimuli/fractals/33a.jpg,-0.234375,0.1388888888888889,stimuli/fractals/33a.jpg,stimuli/fractals/33c.jpg,stimuli/fractals/33b.jpg,-0.234375,0.1388888888888889,-0.234375,0.4166666666666667,-0.234375,-0.1388888888888889,0.390625,-0.4166666666666667
132.0,1000.0,2.0,OLP,2.0,0.0,stimuli/fractals/2a.jpg,-0.234375,0.4166666666666667,stimuli/fractals/2c.jpg,stimuli/fractals/2a.jpg,stimuli/fractals/2b.jpg,-0.234375,0.4166666666666667,-0.078125,0.4166666666666667,-0.234375,0.1388888888888889,0.390625,-0.1388888888888889
133.0,1000.0,2.0,LLP,2.0,0.0,stimuli/fractals/19c.jpg,0.078125,0.1388888888888889,stimuli/fractals/19c.jpg,stimuli/fractals/19a.jpg,stimuli/fractals/19b.jpg,-0.078125,0.1388888888888889,0.078125,0.1388888888888889,-0.078125,0.4166666666666667,0.390625,-0.4166666666666667
134.0,3000.0,2.0,ERP,1.0,1.0,stimuli/fractals/51a.jpg,0.078125,0.4166666666666667,stimuli/fractals/51a.jpg,stimuli/fractals/51b.jpg,stimuli/fractals/51c.jpg,0.078125,0.4166666666666667,0.234375,0.4166666666666667,0.078125,0.1388888888888889,-0.390625,-0.4166666666666667
135.0,1000.0,2.0,LLP,2.0,0.0,stimuli/fractals/33a.jpg,-0.234375,0.4166666666666667,stimuli/fractals/33a.jpg,stimuli/fractals/33c.jpg,stimuli/fractals/33b.jpg,-0.234375,0.1388888888888889,-0.234375,0.4166666666666667,-0.234375,-0.1388888888888889,0.390625,-0.4166666666666667
136.0,3000.0,2.0,ERP,2.0,0.0,stimuli/fractals/51a.jpg,0.078125,0.4166666666666667,stimuli/fractals/51a.jpg,stimuli/fractals/51b.jpg,stimuli/fractals/51c.jpg,0.078125,0.4166666666666667,0.234375,0.4166666666666667,0.078125,0.1388888888888889,-0.390625,-0.4166666666666667
137.0,2000.0,2.0,ERP,1.0,5.0,stimuli/fractals/70a.jpg,-0.078125,-0.1388888888888889,stimuli/fractals/70a.jpg,stimuli/fractals/70c.jpg,stimuli/fractals/70b.jpg,-0.078125,-0.1388888888888889,-0.078125,-0.4166666666666667,0.078125,-0.1388888888888889,0.390625,0.4166666666666667
138.0,1000.0,2.0,LLP,1.0,5.0,stimuli/fractals/61a.jpg,0.390625,-0.4166666666666667,stimuli/fractals/61a.jpg,stimuli/fractals/61c.jpg,stimuli/fractals/61b.jpg,0.390625,-0.4166666666666667,0.234375,-0.4166666666666667,0.390625,-0.1388888888888889,-0.390625,0.1388888888888889
139.0,2000.0,2.0,LLP,1.0,2.0,stimuli/fractals/104b.jpg,0.078125,-0.4166666666666667,stimuli/fractals/104b.jpg,stimuli/fractals/104a.jpg,stimuli/fractals/104c.jpg,0.078125,-0.4166666666666667,0.234375,-0.4166666666666667,-0.078125,-0.4166666666666667,0.390625,0.4166666666666667
140.0,4000.0,2.0,OLP,1.0,4.0,stimuli/fractals/128b.jpg,0.078125,-0.4166666666666667,stimuli/fractals/128b.jpg,stimuli/fractals/128a.jpg,stimuli/fractals/128c.jpg,0.078125,-0.4166666666666667,0.078125,-0.1388888888888889,0.234375,-0.4166666666666667,-0.390625,0.4166666666666667
141.0,1000.0,2.0,LLP,1.0,4.0,stimuli/fractals/49b.jpg,-0.390625,0.4166666666666667,stimuli/fractals/49b.jpg,stimuli/fractals/49c.jpg,stimuli/fractals/49a.jpg,-0.390625,0.4166666666666667,-0.390625,0.1388888888888889,-0.234375,0.4166666666666667,0.234375,-0.4166666666666667
142.0,3000.0,2.0,LLP,2.0,0.0,stimuli/fractals/104b.jpg,0.234375,-0.4166666666666667,stimuli/fractals/104b.jpg,stimuli/fractals/104a.jpg,stimuli/fractals/104c.jpg,0.078125,-0.4166666666666667,0.234375,-0.4166666666666667,-0.078125,-0.4166666666666667,0.390625,0.4166666666666667
143.0,2000.0,2.0,ERP,2.0,0.0,stimuli/fractals/70a.jpg,-0.078125,-0.1388888888888889,stimuli/fractals/70a.jpg,stimuli/fractals/70c.jpg,stimuli/fractals/70b.jpg,-0.078125,-0.1388888888888889,-0.078125,-0.4166666666666667,0.078125,-0.1388888888888889,0.390625,0.4166666666666667
144.0,2000.0,2.0,LLP,2.0,0.0,stimuli/fractals/61a.jpg,0.234375,-0.4166666666666667,stimuli/fractals/61a.jpg,stimuli/fractals/61c.jpg,stimuli/fractals/61b.jpg,0.390625,-0.4166666666666667,0.234375,-0.4166666666666667,0.390625,-0.1388888888888889,-0.390625,0.1388888888888889
145.0,3000.0,2.0,OLP,2.0,0.0,stimuli/fractals/128a.jpg,0.078125,-0.4166666666666667,stimuli/fractals/128b.jpg,stimuli/fractals/128a.jpg,stimuli/fractals/128c.jpg,0.078125,-0.4166666666666667,0.078125,-0.1388888888888889,0.234375,-0.4166666666666667,-0.390625,0.4166666666666667
146.0,500.0,2.0,LLP,2.0,0.0,stimuli/fractals/49b.jpg,-0.390625,0.1388888888888889,stimuli/fractals/49b.jpg,stimuli/fractals/49c.jpg,stimuli/fractals/49a.jpg,-0.390625,0.4166666666666667,-0.390625,0.1388888888888889,-0.234375,0.4166666666666667,0.234375,-0.4166666666666667
147.0,3000.0,2.0,BL,0.0,0.0,stimuli/fractals/32a.jpg,-0.390625,-0.4166666666666667,stimuli/fractals/32a.jpg,stimuli/fractals/32b.jpg,stimuli/fractals/32c.jpg,-0.390625,-0.4166666666666667,-0.234375,-0.4166666666666667,-0.390625,-0.1388888888888889,0.078125,0.1388888888888889
148.0,1000.0,2.0,LLP,1.0,3.0,stimuli/fractals/125a.jpg,-0.234375,-0.1388888888888889,stimuli/fractals/125a.jpg,stimuli/fractals/125b.jpg,stimuli/fractals/125c.jpg,-0.234375,-0.1388888888888889,-0.234375,-0.4166666666666667,-0.078125,-0.1388888888888889,0.390625,0.4166666666666667
149.0,500.0,2.0,OLP,1.0,1.0,stimuli/fractals/77b.jpg,0.390625,-0.1388888888888889,stimuli/fractals/77b.jpg,stimuli/fractals/77a.jpg,stimuli/fractals/77c.jpg,0.390625,-0.1388888888888889,0.390625,0.1388888888888889,0.234375,-0.1388888888888889,-0.390625,0.4166666666666667
150.0,1000.0,2.0,ERP,1.0,2.0,stimuli/fractals/21a.jpg,-0.390625,0.1388888888888889,stimuli/fractals/21a.jpg,stimuli/fractals/21b.jpg,stimuli/fractals/21c.jpg,-0.390625,0.1388888888888889,-0.390625,0.4166666666666667,-0.234375,0.1388888888888889,0.234375,-0.1388888888888889
151.0,2000.0,2.0,OLP,2.0,0.0,stimuli/fractals/77a.jpg,0.390625,-0.1388888888888889,stimuli/fractals/77b.jpg,stimuli/fractals/77a.jpg,stimuli/fractals/77c.jpg,0.390625,-0.1388888888888889,0.390625,0.1388888888888889,0.234375,-0.1388888888888889,-0.390625,0.4166666666666667
152.0,1000.0,2.0,LLP,2.0,0.0,stimuli/fractals/125a.jpg,-0.234375,-0.4166666666666667,stimuli/fractals/125a.jpg,stimuli/fractals/125b.jpg,stimuli/fractals/125c.jpg,-0.234375,-0.1388888888888889,-0.234375,-0.4166666666666667,-0.078125,-0.1388888888888889,0.390625,0.4166666666666667
153.0,4000.0,2.0,ERP,2.0,0.0,stimuli/fractals/21a.jpg,-0.390625,0.1388888888888889,stimuli/fractals/21a.jpg,stimuli/fractals/21b.jpg,stimuli/fractals/21c.jpg,-0.390625,0.1388888888888889,-0.390625,0.4166666666666667,-0.234375,0.1388888888888889,0.234375,-0.1388888888888889
154.0,1000.0,2.0,LLP,1.0,3.0,stimuli/fractals/71c.jpg,0.234375,0.1388888888888889,stimuli/fractals/71c.jpg,stimuli/fractals/71a.jpg,stimuli/fractals/71b.jpg,0.234375,0.1388888888888889,0.390625,0.1388888888888889,0.078125,0.1388888888888889,-0.390625,-0.4166666666666667
155.0,3000.0,2.0,ERP,1.0,1.0,stimuli/fractals/107b.jpg,0.234375,0.4166666666666667,stimuli/fractals/107b.jpg,stimuli/fractals/107c.jpg,stimuli/fractals/107a.jpg,0.234375,0.4166666666666667,0.234375,0.1388888888888889,0.390625,0.4166666666666667,-0.078125,-0.4166666666666667
156.0,6000.0,2.0,LLP,1.0,5.0,stimuli/fractals/145b.jpg,-0.234375,0.1388888888888889,stimuli/fractals/145b.jpg,stimuli/fractals/145a.jpg,stimuli/fractals/145c.jpg,-0.234375,0.1388888888888889,-0.390625,0.1388888888888889,-0.078125,0.1388888888888889,0.390625,-0.1388888888888889
157.0,4000.0,2.0,ERP,2.0,0.0,stimuli/fractals/107b.jpg,0.234375,0.4166666666666667,stimuli/fractals/107b.jpg,stimuli/fractals/107c.jpg,stimuli/fractals/107a.jpg,0.234375,0.4166666666666667,0.234375,0.1388888888888889,0.390625,0.4166666666666667,-0.078125,-0.4166666666666667
158.0,6000.0,2.0,LLP,2.0,0.0,stimuli/fractals/71c.jpg,0.390625,0.1388888888888889,stimuli/fractals/71c.jpg,stimuli/fractals/71a.jpg,stimuli/fractals/71b.jpg,0.234375,0.1388888888888889,0.390625,0.1388888888888889,0.078125,0.1388888888888889,-0.390625,-0.4166666666666667
159.0,1000.0,2.0,ERP,1.0,4.0,stimuli/fractals/97b.jpg,0.078125,0.1388888888888889,stimuli/fractals/97b.jpg,stimuli/fractals/97c.jpg,stimuli/fractals/97a.jpg,0.078125,0.1388888888888889,0.078125,-0.1388888888888889,-0.078125,0.1388888888888889,-0.390625,-0.4166666666666667
160.0,500.0,2.0,OLP,1.0,4.0,stimuli/fractals/65c.jpg,0.390625,0.1388888888888889,stimuli/fractals/65c.jpg,stimuli/fractals/65b.jpg,stimuli/fractals/65a.jpg,0.390625,0.1388888888888889,0.234375,0.1388888888888889,0.390625,0.4166666666666667,-0.390625,0.4166666666666667
161.0,1000.0,2.0,ERP,1.0,5.0,stimuli/fractals/15c.jpg,-0.390625,-0.4166666666666667,stimuli/fractals/15c.jpg,stimuli/fractals/15b.jpg,stimuli/fractals/15a.jpg,-0.390625,-0.4166666666666667,-0.390625,-0.1388888888888889,-0.234375,-0.4166666666666667,0.234375,0.1388888888888889
162.0,3000.0,2.0,LLP,2.0,0.0,stimuli/fractals/145b.jpg,-0.390625,0.1388888888888889,stimuli/fractals/145b.jpg,stimuli/fractals/145a.jpg,stimuli/fractals/145c.jpg,-0.234375,0.1388888888888889,-0.390625,0.1388888888888889,-0.078125,0.1388888888888889,0.390625,-0.1388888888888889
163.0,2000.0,2.0,OLP,1.0,2.0,stimuli/fractals/47b.jpg,-0.234375,-0.4166666666666667,stimuli/fractals/47b.jpg,stimuli/fractals/47a.jpg,stimuli/fractals/47c.jpg,-0.234375,-0.4166666666666667,-0.390625,-0.4166666666666667,-0.234375,-0.1388888888888889,0.390625,0.4166666666666667
164.0,500.0,2.0,ERP,2.0,0.0,stimuli/fractals/97b.jpg,0.078125,0.1388888888888889,stimuli/fractals/97b.jpg,stimuli/fractals/97c.jpg,stimuli/fractals/97a.jpg,0.078125,0.1388888888888889,0.078125,-0.1388888888888889,-0.078125,0.1388888888888889,-0.390625,-0.4166666666666667
165.0,1000.0,2.0,OLP,2.0,0.0,stimuli/fractals/65b.jpg,0.390625,0.1388888888888889,stimuli/fractals/65c.jpg,stimuli/fractals/65b.jpg,stimuli/fractals/65a.jpg,0.390625,0.1388888888888889,0.234375,0.1388888888888889,0.390625,0.4166666666666667,-0.390625,0.4166666666666667
166.0,5000.0,2.0,OLP,2.0,0.0,stimuli/fractals/47a.jpg,-0.234375,-0.4166666666666667,stimuli/fractals/47b.jpg,stimuli/fractals/47a.jpg,stimuli/fractals/47c.jpg,-0.234375,-0.4166666666666667,-0.390625,-0.4166666666666667,-0.234375,-0.1388888888888889,0.390625,0.4166666666666667
167.0,3000.0,2.0,ERP,2.0,0.0,stimuli/fractals/15c.jpg,-0.390625,-0.4166666666666667,stimuli/fractals/15c.jpg,stimuli/fractals/15b.jpg,stimuli/fractals/15a.jpg,-0.390625,-0.4166666666666667,-0.390625,-0.1388888888888889,-0.234375,-0.4166666666666667,0.234375,0.1388888888888889
168.0,3000.0,2.0,BL,0.0,0.0,stimuli/fractals/32a.jpg,-0.390625,-0.4166666666666667,stimuli/fractals/32a.jpg,stimuli/fractals/32b.jpg,stimuli/fractals/32c.jpg,-0.390625,-0.4166666666666667,-0.234375,-0.4166666666666667,-0.390625,-0.1388888888888889,0.078125,0.1388888888888889
169.0,1000.0,3.0,LLP,1.0,1.0,stimuli/fractals/106c.jpg,-0.234375,0.4166666666666667,stimuli/fractals/106c.jpg,stimuli/fractals/106a.jpg,stimuli/fractals/106b.jpg,-0.234375,0.4166666666666667,-0.390625,0.4166666666666667,-0.078125,0.4166666666666667,0.390625,-0.4166666666666667
170.0,4000.0,3.0,LLP,1.0,4.0,stimuli/fractals/102c.jpg,-0.234375,0.4166666666666667,stimuli/fractals/102c.jpg,stimuli/fractals/102a.jpg,stimuli/fractals/102b.jpg,-0.234375,0.4166666666666667,-0.390625,0.4166666666666667,-0.078125,0.4166666666666667,0.234375,-0.1388888888888889
171.0,5000.0,3.0,LLP,2.0,0.0,stimuli/fractals/106c.jpg,-0.390625,0.4166666666666667,stimuli/fractals/106c.jpg,stimuli/fractals/106a.jpg,stimuli/fractals/106b.jpg,-0.234375,0.4166666666666667,-0.390625,0.4166666666666667,-0.078125,0.4166666666666667,0.390625,-0.4166666666666667
172.0,3000.0,3.0,LLP,1.0,3.0,stimuli/fractals/48b.jpg,0.390625,-0.1388888888888889,stimuli/fractals/48b.jpg,stimuli/fractals/48a.jpg,stimuli/fractals/48c.jpg,0.390625,-0.1388888888888889,0.390625,-0.4166666666666667,0.234375,-0.1388888888888889,-0.390625,-0.1388888888888889
173.0,1000.0,3.0,LLP,1.0,3.0,stimuli/fractals/39b.jpg,0.078125,0.4166666666666667,stimuli/fractals/39b.jpg,stimuli/fractals/39c.jpg,stimuli/fractals/39a.jpg,0.078125,0.4166666666666667,0.078125,0.1388888888888889,0.234375,0.4166666666666667,0.390625,-0.4166666666666667
174.0,4000.0,3.0,ERP,1.0,4.0,stimuli/fractals/143b.jpg,-0.390625,0.4166666666666667,stimuli/fractals/143b.jpg,stimuli/fractals/143c.jpg,stimuli/fractals/143a.jpg,-0.390625,0.4166666666666667,-0.234375,0.4166666666666667,-0.390625,0.1388888888888889,-0.078125,-0.4166666666666667
175.0,2000.0,3.0,LLP,2.0,0.0,stimuli/fractals/102c.jpg,-0.390625,0.4166666666666667,stimuli/fractals/102c.jpg,stimuli/fractals/102a.jpg,stimuli/fractals/102b.jpg,-0.234375,0.4166666666666667,-0.390625,0.4166666666666667,-0.078125,0.4166666666666667,0.234375,-0.1388888888888889
176.0,500.0,3.0,LLP,2.0,0.0,stimuli/fractals/48b.jpg,0.390625,-0.4166666666666667,stimuli/fractals/48b.jpg,stimuli/fractals/48a.jpg,stimuli/fractals/48c.jpg,0.390625,-0.1388888888888889,0.390625,-0.4166666666666667,0.234375,-0.1388888888888889,-0.390625,-0.1388888888888889
177.0,1000.0,3.0,LLP,2.0,0.0,stimuli/fractals/39b.jpg,0.078125,0.1388888888888889,stimuli/fractals/39b.jpg,stimuli/fractals/39c.jpg,stimuli/fractals/39a.jpg,0.078125,0.4166666666666667,0.078125,0.1388888888888889,0.234375,0.4166666666666667,0.390625,-0.4166666666666667
178.0,2000.0,3.0,LLP,1.0,5.0,stimuli/fractals/13b.jpg,0.234375,-0.4166666666666667,stimuli/fractals/13b.jpg,stimuli/fractals/13c.jpg,stimuli/fractals/13a.jpg,0.234375,-0.4166666666666667,0.234375,-0.1388888888888889,0.390625,-0.4166666666666667,-0.390625,0.4166666666666667
179.0,8000.0,3.0,ERP,2.0,0.0,stimuli/fractals/143b.jpg,-0.390625,0.4166666666666667,stimuli/fractals/143b.jpg,stimuli/fractals/143c.jpg,stimuli/fractals/143a.jpg,-0.390625,0.4166666666666667,-0.234375,0.4166666666666667,-0.390625,0.1388888888888889,-0.078125,-0.4166666666666667
180.0,4000.0,3.0,LLP,1.0,1.0,stimuli/fractals/124b.jpg,-0.234375,-0.4166666666666667,stimuli/fractals/124b.jpg,stimuli/fractals/124a.jpg,stimuli/fractals/124c.jpg,-0.234375,-0.4166666666666667,-0.078125,-0.4166666666666667,-0.390625,-0.4166666666666667,0.390625,0.4166666666666667
181.0,7000.0,3.0,LLP,1.0,5.0,stimuli/fractals/94a.jpg,-0.078125,0.4166666666666667,stimuli/fractals/94a.jpg,stimuli/fractals/94c.jpg,stimuli/fractals/94b.jpg,-0.078125,0.4166666666666667,-0.078125,0.1388888888888889,-0.234375,0.4166666666666667,0.390625,-0.4166666666666667
182.0,3000.0,3.0,LLP,2.0,0.0,stimuli/fractals/124b.jpg,-0.078125,-0.4166666666666667,stimuli/fractals/124b.jpg,stimuli/fractals/124a.jpg,stimuli/fractals/124c.jpg,-0.234375,-0.4166666666666667,-0.078125,-0.4166666666666667,-0.390625,-0.4166666666666667,0.390625,0.4166666666666667
183.0,6000.0,3.0,OLP,1.0,2.0,stimuli/fractals/22a.jpg,0.390625,-0.4166666666666667,stimuli/fractals/22a.jpg,stimuli/fractals/22b.jpg,stimuli/fractals/22c.jpg,0.390625,-0.4166666666666667,0.390625,-0.1388888888888889,0.234375,-0.4166666666666667,-0.234375,0.1388888888888889
184.0,1000.0,3.0,LLP,2.0,0.0,stimuli/fractals/13b.jpg,0.234375,-0.1388888888888889,stimuli/fractals/13b.jpg,stimuli/fractals/13c.jpg,stimuli/fractals/13a.jpg,0.234375,-0.4166666666666667,0.234375,-0.1388888888888889,0.390625,-0.4166666666666667,-0.390625,0.4166666666666667
185.0,6000.0,3.0,LLP,1.0,2.0,stimuli/fractals/41b.jpg,-0.390625,-0.1388888888888889,stimuli/fractals/41b.jpg,stimuli/fractals/41c.jpg,stimuli/fractals/41a.jpg,-0.390625,-0.1388888888888889,-0.390625,0.1388888888888889,-0.234375,-0.1388888888888889,0.234375,-0.4166666666666667
186.0,500.0,3.0,OLP,2.0,0.0,stimuli/fractals/22b.jpg,0.390625,-0.4166666666666667,stimuli/fractals/22a.jpg,stimuli/fractals/22b.jpg,stimuli/fractals/22c.jpg,0.390625,-0.4166666666666667,0.390625,-0.1388888888888889,0.234375,-0.4166666666666667,-0.234375,0.1388888888888889
187.0,1000.0,3.0,LLP,2.0,0.0,stimuli/fractals/94a.jpg,-0.078125,0.1388888888888889,stimuli/fractals/94a.jpg,stimuli/fractals/94c.jpg,stimuli/fractals/94b.jpg,-0.078125,0.4166666666666667,-0.078125,0.1388888888888889,-0.234375,0.4166666666666667,0.390625,-0.4166666666666667
188.0,5000.0,3.0,LLP,2.0,0.0,stimuli/fractals/41b.jpg,-0.390625,0.1388888888888889,stimuli/fractals/41b.jpg,stimuli/fractals/41c.jpg,stimuli/fractals/41a.jpg,-0.390625,-0.1388888888888889,-0.390625,0.1388888888888889,-0.234375,-0.1388888888888889,0.234375,-0.4166666666666667
189.0,5000.0,3.0,BL,0.0,0.0,stimuli/fractals/32a.jpg,-0.390625,-0.4166666666666667,stimuli/fractals/32a.jpg,stimuli/fractals/32b.jpg,stimuli/fractals/32c.jpg,-0.390625,-0.4166666666666667,-0.234375,-0.4166666666666667,-0.390625,-0.1388888888888889,0.078125,0.1388888888888889
190.0,500.0,3.0,OLP,1.0,2.0,stimuli/fractals/127c.jpg,-0.234375,-0.1388888888888889,stimuli/fractals/127c.jpg,stimuli/fractals/127a.jpg,stimuli/fractals/127b.jpg,-0.234375,-0.1388888888888889,-0.234375,-0.4166666666666667,-0.078125,-0.1388888888888889,0.390625,0.4166666666666667
191.0,1000.0,3.0,ERP,1.0,5.0,stimuli/fractals/81b.jpg,0.234375,0.1388888888888889,stimuli/fractals/81b.jpg,stimuli/fractals/81a.jpg,stimuli/fractals/81c.jpg,0.234375,0.1388888888888889,0.234375,0.4166666666666667,0.078125,0.1388888888888889,-0.390625,-0.4166666666666667
192.0,1000.0,3.0,LLP,1.0,5.0,stimuli/fractals/9b.jpg,0.234375,0.4166666666666667,stimuli/fractals/9b.jpg,stimuli/fractals/9c.jpg,stimuli/fractals/9a.jpg,0.234375,0.4166666666666667,0.078125,0.4166666666666667,0.234375,0.1388888888888889,-0.390625,-0.4166666666666667
193.0,1000.0,3.0,OLP,2.0,0.0,stimuli/fractals/127a.jpg,-0.234375,-0.1388888888888889,stimuli/fractals/127c.jpg,stimuli/fractals/127a.jpg,stimuli/fractals/127b.jpg,-0.234375,-0.1388888888888889,-0.234375,-0.4166666666666667,-0.078125,-0.1388888888888889,0.390625,0.4166666666666667
194.0,2000.0,3.0,OLP,1.0,1.0,stimuli/fractals/35c.jpg,-0.078125,0.4166666666666667,stimuli/fractals/35c.jpg,stimuli/fractals/35b.jpg,stimuli/fractals/35a.jpg,-0.078125,0.4166666666666667,-0.234375,0.4166666666666667,0.078125,0.4166666666666667,0.390625,-0.4166666666666667
195.0,1000.0,3.0,OLP,1.0,4.0,stimuli/fractals/36a.jpg,-0.390625,-0.1388888888888889,stimuli/fractals/36a.jpg,stimuli/fractals/36b.jpg,stimuli/fractals/36c.jpg,-0.390625,-0.1388888888888889,-0.390625,-0.4166666666666667,-0.390625,0.1388888888888889,0.390625,-0.4166666666666667
196.0,4000.0,3.0,OLP,2.0,0.0,stimuli/fractals/35b.jpg,-0.078125,0.4166666666666667,stimuli/fractals/35c.jpg,stimuli/fractals/35b.jpg,stimuli/fractals/35a.jpg,-0.078125,0.4166666666666667,-0.234375,0.4166666666666667,0.078125,0.4166666666666667,0.390625,-0.4166666666666667
197.0,500.0,3.0,ERP,2.0,0.0,stimuli/fractals/81b.jpg,0.234375,0.1388888888888889,stimuli/fractals/81b.jpg,stimuli/fractals/81a.jpg,stimuli/fractals/81c.jpg,0.234375,0.1388888888888889,0.234375,0.4166666666666667,0.078125,0.1388888888888889,-0.390625,-0.4166666666666667
198.0,2000.0,3.0,LLP,2.0,0.0,stimuli/fractals/9b.jpg,0.078125,0.4166666666666667,stimuli/fractals/9b.jpg,stimuli/fractals/9c.jpg,stimuli/fractals/9a.jpg,0.234375,0.4166666666666667,0.078125,0.4166666666666667,0.234375,0.1388888888888889,-0.390625,-0.4166666666666667
199.0,2000.0,3.0,OLP,1.0,2.0,stimuli/fractals/122b.jpg,0.234375,-0.1388888888888889,stimuli/fractals/122b.jpg,stimuli/fractals/122c.jpg,stimuli/fractals/122a.jpg,0.234375,-0.1388888888888889,0.078125,-0.1388888888888889,0.390625,-0.1388888888888889,-0.390625,0.4166666666666667
200.0,1000.0,3.0,OLP,2.0,0.0,stimuli/fractals/36b.jpg,-0.390625,-0.1388888888888889,stimuli/fractals/36a.jpg,stimuli/fractals/36b.jpg,stimuli/fractals/36c.jpg,-0.390625,-0.1388888888888889,-0.390625,-0.4166666666666667,-0.390625,0.1388888888888889,0.390625,-0.4166666666666667
201.0,4000.0,3.0,ERP,1.0,3.0,stimuli/fractals/103a.jpg,-0.390625,-0.1388888888888889,stimuli/fractals/103a.jpg,stimuli/fractals/103c.jpg,stimuli/fractals/103b.jpg,-0.390625,-0.1388888888888889,-0.390625,0.1388888888888889,-0.234375,-0.1388888888888889,0.390625,-0.1388888888888889
202.0,2000.0,3.0,OLP,2.0,0.0,stimuli/fractals/122c.jpg,0.234375,-0.1388888888888889,stimuli/fractals/122b.jpg,stimuli/fractals/122c.jpg,stimuli/fractals/122a.jpg,0.234375,-0.1388888888888889,0.078125,-0.1388888888888889,0.390625,-0.1388888888888889,-0.390625,0.4166666666666667
203.0,1000.0,3.0,ERP,1.0,3.0,stimuli/fractals/115b.jpg,-0.078125,0.1388888888888889,stimuli/fractals/115b.jpg,stimuli/fractals/115c.jpg,stimuli/fractals/115a.jpg,-0.078125,0.1388888888888889,-0.078125,-0.1388888888888889,0.078125,0.1388888888888889,0.390625,-0.4166666666666667
204.0,2000.0,3.0,OLP,1.0,4.0,stimuli/fractals/58c.jpg,0.078125,0.4166666666666667,stimuli/fractals/58c.jpg,stimuli/fractals/58a.jpg,stimuli/fractals/58b.jpg,0.078125,0.4166666666666667,-0.078125,0.4166666666666667,0.078125,0.1388888888888889,-0.390625,-0.4166666666666667
205.0,2000.0,3.0,ERP,2.0,0.0,stimuli/fractals/103a.jpg,-0.390625,-0.1388888888888889,stimuli/fractals/103a.jpg,stimuli/fractals/103c.jpg,stimuli/fractals/103b.jpg,-0.390625,-0.1388888888888889,-0.390625,0.1388888888888889,-0.234375,-0.1388888888888889,0.390625,-0.1388888888888889
206.0,7000.0,3.0,LLP,1.0,1.0,stimuli/fractals/92b.jpg,0.390625,0.4166666666666667,stimuli/fractals/92b.jpg,stimuli/fractals/92c.jpg,stimuli/fractals/92a.jpg,0.390625,0.4166666666666667,0.390625,0.1388888888888889,0.234375,0.4166666666666667,-0.390625,0.4166666666666667
207.0,6000.0,3.0,ERP,2.0,0.0,stimuli/fractals/115b.jpg,-0.078125,0.1388888888888889,stimuli/fractals/115b.jpg,stimuli/fractals/115c.jpg,stimuli/fractals/115a.jpg,-0.078125,0.1388888888888889,-0.078125,-0.1388888888888889,0.078125,0.1388888888888889,0.390625,-0.4166666666666667
208.0,2000.0,3.0,LLP,2.0,0.0,stimuli/fractals/92b.jpg,0.390625,0.1388888888888889,stimuli/fractals/92b.jpg,stimuli/fractals/92c.jpg,stimuli/fractals/92a.jpg,0.390625,0.4166666666666667,0.390625,0.1388888888888889,0.234375,0.4166666666666667,-0.390625,0.4166666666666667
209.0,6000.0,3.0,OLP,2.0,0.0,stimuli/fractals/58a.jpg,0.078125,0.4166666666666667,stimuli/fractals/58c.jpg,stimuli/fractals/58a.jpg,stimuli/fractals/58b.jpg,0.078125,0.4166666666666667,-0.078125,0.4166666666666667,0.078125,0.1388888888888889,-0.390625,-0.4166666666666667
210.0,3000.0,3.0,BL,0.0,0.0,stimuli/fractals/32a.jpg,-0.390625,-0.4166666666666667,stimuli/fractals/32a.jpg,stimuli/fractals/32b.jpg,stimuli/fractals/32c.jpg,-0.390625,-0.4166666666666667,-0.234375,-0.4166666666666667,-0.390625,-0.1388888888888889,0.078125,0.1388888888888889
211.0,1000.0,3.0,ERP,1.0,2.0,stimuli/fractals/117b.jpg,0.390625,0.4166666666666667,stimuli/fractals/117b.jpg,stimuli/fractals/117c.jpg,stimuli/fractals/117a.jpg,0.390625,0.4166666666666667,0.390625,0.1388888888888889,0.234375,0.4166666666666667,-0.390625,0.4166666666666667
212.0,2000.0,3.0,OLP,1.0,2.0,stimuli/fractals/123c.jpg,0.390625,0.1388888888888889,stimuli/fractals/123c.jpg,stimuli/fractals/123a.jpg,stimuli/fractals/123b.jpg,0.390625,0.1388888888888889,0.234375,0.1388888888888889,0.390625,-0.1388888888888889,-0.390625,-0.4166666666666667
213.0,2000.0,3.0,OLP,1.0,3.0,stimuli/fractals/112c.jpg,-0.390625,-0.4166666666666667,stimuli/fractals/112c.jpg,stimuli/fractals/112a.jpg,stimuli/fractals/112b.jpg,-0.390625,-0.4166666666666667,-0.390625,-0.1388888888888889,-0.234375,-0.4166666666666667,0.390625,-0.4166666666666667
214.0,1000.0,3.0,ERP,2.0,0.0,stimuli/fractals/117b.jpg,0.390625,0.4166666666666667,stimuli/fractals/117b.jpg,stimuli/fractals/117c.jpg,stimuli/fractals/117a.jpg,0.390625,0.4166666666666667,0.390625,0.1388888888888889,0.234375,0.4166666666666667,-0.390625,0.4166666666666667
215.0,1000.0,3.0,OLP,2.0,0.0,stimuli/fractals/123a.jpg,0.390625,0.1388888888888889,stimuli/fractals/123c.jpg,stimuli/fractals/123a.jpg,stimuli/fractals/123b.jpg,0.390625,0.1388888888888889,0.234375,0.1388888888888889,0.390625,-0.1388888888888889,-0.390625,-0.4166666666666667
216.0,5000.0,3.0,ERP,1.0,3.0,stimuli/fractals/40b.jpg,-0.078125,-0.1388888888888889,stimuli/fractals/40b.jpg,stimuli/fractals/40c.jpg,stimuli/fractals/40a.jpg,-0.078125,-0.1388888888888889,-0.234375,-0.1388888888888889,-0.078125,0.1388888888888889,0.390625,0.4166666666666667
217.0,500.0,3.0,OLP,2.0,0.0,stimuli/fractals/112a.jpg,-0.390625,-0.4166666666666667,stimuli/fractals/112c.jpg,stimuli/fractals/112a.jpg,stimuli/fractals/112b.jpg,-0.390625,-0.4166666666666667,-0.390625,-0.1388888888888889,-0.234375,-0.4166666666666667,0.390625,-0.4166666666666667
218.0,1000.0,3.0,ERP,1.0,5.0,stimuli/fractals/23a.jpg,0.390625,0.1388888888888889,stimuli/fractals/23a.jpg,stimuli/fractals/23b.jpg,stimuli/fractals/23c.jpg,0.390625,0.1388888888888889,0.390625,0.4166666666666667,0.390625,-0.1388888888888889,-0.390625,-0.1388888888888889
219.0,4000.0,3.0,OLP,1.0,1.0,stimuli/fractals/55c.jpg,0.234375,-0.1388888888888889,stimuli/fractals/55c.jpg,stimuli/fractals/55a.jpg,stimuli/fractals/55b.jpg,0.234375,-0.1388888888888889,0.234375,-0.4166666666666667,0.234375,0.1388888888888889,-0.390625,0.1388888888888889
220.0,1000.0,3.0,ERP,2.0,0.0,stimuli/fractals/40b.jpg,-0.078125,-0.1388888888888889,stimuli/fractals/40b.jpg,stimuli/fractals/40c.jpg,stimuli/fractals/40a.jpg,-0.078125,-0.1388888888888889,-0.234375,-0.1388888888888889,-0.078125,0.1388888888888889,0.390625,0.4166666666666667
221.0,3000.0,3.0,OLP,2.0,0.0,stimuli/fractals/55a.jpg,0.234375,-0.1388888888888889,stimuli/fractals/55c.jpg,stimuli/fractals/55a.jpg,stimuli/fractals/55b.jpg,0.234375,-0.1388888888888889,0.234375,-0.4166666666666667,0.234375,0.1388888888888889,-0.390625,0.1388888888888889
222.0,1000.0,3.0,OLP,1.0,4.0,stimuli/fractals/101c.jpg,-0.078125,0.4166666666666667,stimuli/fractals/101c.jpg,stimuli/fractals/101b.jpg,stimuli/fractals/101a.jpg,-0.078125,0.4166666666666667,-0.078125,0.1388888888888889,0.078125,0.4166666666666667,0.390625,-0.4166666666666667
223.0,2000.0,3.0,ERP,1.0,5.0,stimuli/fractals/79c.jpg,-0.390625,0.4166666666666667,stimuli/fractals/79c.jpg,stimuli/fractals/79a.jpg,stimuli/fractals/79b.jpg,-0.390625,0.4166666666666667,-0.234375,0.4166666666666667,-0.390625,0.1388888888888889,0.390625,0.1388888888888889
224.0,3000.0,3.0,ERP,2.0,0.0,stimuli/fractals/23a.jpg,0.390625,0.1388888888888889,stimuli/fractals/23a.jpg,stimuli/fractals/23b.jpg,stimuli/fractals/23c.jpg,0.390625,0.1388888888888889,0.390625,0.4166666666666667,0.390625,-0.1388888888888889,-0.390625,-0.1388888888888889
225.0,2000.0,3.0,OLP,1.0,4.0,stimuli/fractals/50a.jpg,0.234375,0.4166666666666667,stimuli/fractals/50a.jpg,stimuli/fractals/50c.jpg,stimuli/fractals/50b.jpg,0.234375,0.4166666666666667,0.234375,0.1388888888888889,0.078125,0.4166666666666667,-0.390625,-0.4166666666666667
226.0,2000.0,3.0,OLP,1.0,1.0,stimuli/fractals/18b.jpg,-0.234375,0.4166666666666667,stimuli/fractals/18b.jpg,stimuli/fractals/18c.jpg,stimuli/fractals/18a.jpg,-0.234375,0.4166666666666667,-0.234375,0.1388888888888889,-0.078125,0.4166666666666667,0.390625,0.1388888888888889
227.0,3000.0,3.0,OLP,2.0,0.0,stimuli/fractals/101b.jpg,-0.078125,0.4166666666666667,stimuli/fractals/101c.jpg,stimuli/fractals/101b.jpg,stimuli/fractals/101a.jpg,-0.078125,0.4166666666666667,-0.078125,0.1388888888888889,0.078125,0.4166666666666667,0.390625,-0.4166666666666667
228.0,4000.0,3.0,OLP,2.0,0.0,stimuli/fractals/18c.jpg,-0.234375,0.4166666666666667,stimuli/fractals/18b.jpg,stimuli/fractals/18c.jpg,stimuli/fractals/18a.jpg,-0.234375,0.4166666666666667,-0.234375,0.1388888888888889,-0.078125,0.4166666666666667,0.390625,0.1388888888888889
229.0,5000.0,3.0,ERP,2.0,0.0,stimuli/fractals/79c.jpg,-0.390625,0.4166666666666667,stimuli/fractals/79c.jpg,stimuli/fractals/79a.jpg,stimuli/fractals/79b.jpg,-0.390625,0.4166666666666667,-0.234375,0.4166666666666667,-0.390625,0.1388888888888889,0.390625,0.1388888888888889
230.0,3000.0,3.0,OLP,2.0,0.0,stimuli/fractals/50c.jpg,0.234375,0.4166666666666667,stimuli/fractals/50a.jpg,stimuli/fractals/50c.jpg,stimuli/fractals/50b.jpg,0.234375,0.4166666666666667,0.234375,0.1388888888888889,0.078125,0.4166666666666667,-0.390625,-0.4166666666666667
231.0,500.0,3.0,BL,0.0,0.0,stimuli/fractals/32a.jpg,-0.390625,-0.4166666666666667,stimuli/fractals/32a.jpg,stimuli/fractals/32b.jpg,stimuli/fractals/32c.jpg,-0.390625,-0.4166666666666667,-0.234375,-0.4166666666666667,-0.390625,-0.1388888888888889,0.078125,0.1388888888888889
232.0,7000.0,3.0,ERP,1.0,4.0,stimuli/fractals/93b.jpg,-0.078125,-0.4166666666666667,stimuli/fractals/93b.jpg,stimuli/fractals/93a.jpg,stimuli/fractals/93c.jpg,-0.078125,-0.4166666666666667,-0.078125,-0.1388888888888889,-0.234375,-0.4166666666666667,0.234375,0.4166666666666667
233.0,1000.0,3.0,OLP,1.0,4.0,stimuli/fractals/85c.jpg,0.390625,0.4166666666666667,stimuli/fractals/85c.jpg,stimuli/fractals/85b.jpg,stimuli/fractals/85a.jpg,0.390625,0.4166666666666667,0.234375,0.4166666666666667,0.390625,0.1388888888888889,-0.234375,-0.4166666666666667
234.0,2000.0,3.0,ERP,1.0,5.0,stimuli/fractals/16a.jpg,0.234375,0.4166666666666667,stimuli/fractals/16a.jpg,stimuli/fractals/16b.jpg,stimuli/fractals/16c.jpg,0.234375,0.4166666666666667,0.234375,0.1388888888888889,0.078125,0.4166666666666667,-0.234375,-0.4166666666666667
235.0,1000.0,3.0,LLP,1.0,5.0,stimuli/fractals/114b.jpg,0.234375,-0.4166666666666667,stimuli/fractals/114b.jpg,stimuli/fractals/114c.jpg,stimuli/fractals/114a.jpg,0.234375,-0.4166666666666667,0.078125,-0.4166666666666667,0.390625,-0.4166666666666667,-0.234375,0.1388888888888889
236.0,2000.0,3.0,ERP,1.0,2.0,stimuli/fractals/108a.jpg,0.390625,0.1388888888888889,stimuli/fractals/108a.jpg,stimuli/fractals/108b.jpg,stimuli/fractals/108c.jpg,0.390625,0.1388888888888889,0.390625,0.4166666666666667,0.390625,-0.1388888888888889,-0.390625,0.4166666666666667
237.0,3000.0,3.0,ERP,2.0,0.0,stimuli/fractals/93b.jpg,-0.078125,-0.4166666666666667,stimuli/fractals/93b.jpg,stimuli/fractals/93a.jpg,stimuli/fractals/93c.jpg,-0.078125,-0.4166666666666667,-0.078125,-0.1388888888888889,-0.234375,-0.4166666666666667,0.234375,0.4166666666666667
238.0,1000.0,3.0,OLP,2.0,0.0,stimuli/fractals/85b.jpg,0.390625,0.4166666666666667,stimuli/fractals/85c.jpg,stimuli/fractals/85b.jpg,stimuli/fractals/85a.jpg,0.390625,0.4166666666666667,0.234375,0.4166666666666667,0.390625,0.1388888888888889,-0.234375,-0.4166666666666667
239.0,3000.0,3.0,ERP,2.0,0.0,stimuli/fractals/108a.jpg,0.390625,0.1388888888888889,stimuli/fractals/108a.jpg,stimuli/fractals/108b.jpg,stimuli/fractals/108c.jpg,0.390625,0.1388888888888889,0.390625,0.4166666666666667,0.390625,-0.1388888888888889,-0.390625,0.4166666666666667
240.0,1000.0,3.0,ERP,2.0,0.0,stimuli/fractals/16a.jpg,0.234375,0.4166666666666667,stimuli/fractals/16a.jpg,stimuli/fractals/16b.jpg,stimuli/fractals/16c.jpg,0.234375,0.4166666666666667,0.234375,0.1388888888888889,0.078125,0.4166666666666667,-0.234375,-0.4166666666666667
241.0,2000.0,3.0,LLP,2.0,0.0,stimuli/fractals/114b.jpg,0.078125,-0.4166666666666667,stimuli/fractals/114b.jpg,stimuli/fractals/114c.jpg,stimuli/fractals/114a.jpg,0.234375,-0.4166666666666667,0.078125,-0.4166666666666667,0.390625,-0.4166666666666667,-0.234375,0.1388888888888889
242.0,1000.0,3.0,LLP,1.0,3.0,stimuli/fractals/31a.jpg,0.078125,0.1388888888888889,stimuli/fractals/31a.jpg,stimuli/fractals/31b.jpg,stimuli/fractals/31c.jpg,0.078125,0.1388888888888889,-0.078125,0.1388888888888889,0.234375,0.1388888888888889,-0.390625,-0.4166666666666667
243.0,2000.0,3.0,ERP,1.0,1.0,stimuli/fractals/30a.jpg,0.234375,0.4166666666666667,stimuli/fractals/30a.jpg,stimuli/fractals/30c.jpg,stimuli/fractals/30b.jpg,0.234375,0.4166666666666667,0.078125,0.4166666666666667,0.234375,0.1388888888888889,-0.234375,-0.4166666666666667
244.0,7000.0,3.0,LLP,1.0,3.0,stimuli/fractals/57a.jpg,0.078125,-0.1388888888888889,stimuli/fractals/57a.jpg,stimuli/fractals/57b.jpg,stimuli/fractals/57c.jpg,0.078125,-0.1388888888888889,0.234375,-0.1388888888888889,-0.078125,-0.1388888888888889,-0.390625,0.4166666666666667
245.0,2000.0,3.0,ERP,2.0,0.0,stimuli/fractals/30a.jpg,0.234375,0.4166666666666667,stimuli/fractals/30a.jpg,stimuli/fractals/30c.jpg,stimuli/fractals/30b.jpg,0.234375,0.4166666666666667,0.078125,0.4166666666666667,0.234375,0.1388888888888889,-0.234375,-0.4166666666666667
246.0,1000.0,3.0,LLP,2.0,0.0,stimuli/fractals/31a.jpg,-0.078125,0.1388888888888889,stimuli/fractals/31a.jpg,stimuli/fractals/31b.jpg,stimuli/fractals/31c.jpg,0.078125,0.1388888888888889,-0.078125,0.1388888888888889,0.234375,0.1388888888888889,-0.390625,-0.4166666666666667
247.0,8000.0,3.0,ERP,1.0,2.0,stimuli/fractals/11b.jpg,-0.234375,-0.4166666666666667,stimuli/fractals/11b.jpg,stimuli/fractals/11a.jpg,stimuli/fractals/11c.jpg,-0.234375,-0.4166666666666667,-0.234375,-0.1388888888888889,-0.078125,-0.4166666666666667,0.390625,0.4166666666666667
248.0,3000.0,3.0,LLP,2.0,0.0,stimuli/fractals/57a.jpg,0.234375,-0.1388888888888889,stimuli/fractals/57a.jpg,stimuli/fractals/57b.jpg,stimuli/fractals/57c.jpg,0.078125,-0.1388888888888889,0.234375,-0.1388888888888889,-0.078125,-0.1388888888888889,-0.390625,0.4166666666666667
249.0,1000.0,3.0,LLP,1.0,1.0,stimuli/fractals/121a.jpg,0.390625,-0.1388888888888889,stimuli/fractals/121a.jpg,stimuli/fractals/121b.jpg,stimuli/fractals/121c.jpg,0.390625,-0.1388888888888889,0.234375,-0.1388888888888889,0.390625,-0.4166666666666667,-0.078125,0.4166666666666667
250.0,1000.0,3.0,ERP,2.0,0.0,stimuli/fractals/11b.jpg,-0.234375,-0.4166666666666667,stimuli/fractals/11b.jpg,stimuli/fractals/11a.jpg,stimuli/fractals/11c.jpg,-0.234375,-0.4166666666666667,-0.234375,-0.1388888888888889,-0.078125,-0.4166666666666667,0.390625,0.4166666666666667
251.0,1000.0,3.0,LLP,2.0,0.0,stimuli/fractals/121a.jpg,0.234375,-0.1388888888888889,stimuli/fractals/121a.jpg,stimuli/fractals/121b.jpg,stimuli/fractals/121c.jpg,0.390625,-0.1388888888888889,0.234375,-0.1388888888888889,0.390625,-0.4166666666666667,-0.078125,0.4166666666666667
252.0,2000.0,3.0,BL,0.0,0.0,stimuli/fractals/32a.jpg,-0.390625,-0.4166666666666667,stimuli/fractals/32a.jpg,stimuli/fractals/32b.jpg,stimuli/fractals/32c.jpg,-0.390625,-0.4166666666666667,-0.234375,-0.4166666666666667,-0.390625,-0.1388888888888889,0.078125,0.1388888888888889
,,,,,,nan,-0.390625,-0.4166666666666667,nan,nan,nan,-0.390625,-0.4166666666666667,-0.234375,-0.4166666666666667,-0.390625,-0.1388888888888889,0.078125,0.1388888888888889
