TASK,TrialIndex,Jitter,ScannerRun,BlockNr,TrialType,StimType,Order,Delay,CurrentImage,CurrentX,CurrentY,TripletMemberA,TripletMemberB,TripletMemberC,Xcoordinate,Ycoordinate,Xcoordinate_lure1,Ycoordinate_lure1,Xcoordinate_lure2,Ycoordinate_lure2,Xcoordinate_foil,Ycoordinate_foil
ENC,1,2000,1,1,OBJ,ERP,1,6,stimuli/fractals/73a.jpg,0.3768973557215933,0.05130779050581191,stimuli/fractals/73a.jpg,stimuli/fractals/73c.jpg,stimuli/fractals/73b.jpg,0.3768973557215933,0.05130779050581191,0.1822133926777016,-0.3644020595463244,0.3036336663876035,-0.3765494326743515,-0.2138513312319924,0.3443796136130324
ENC,2,3000,1,1,OBJ,OLP,1,4,stimuli/fractals/18b.jpg,0.0846478024186574,0.1762476977799933,stimuli/fractals/18b.jpg,stimuli/fractals/18a.jpg,stimuli/fractals/18c.jpg,0.0846478024186574,0.1762476977799933,0.278815362080955,0.01113991495545635,0.2825158615593359,-0.1979559103436217,-0.3826472461540262,-0.1614033160801682
ENC,3,2000,1,1,OBJ,ERP,1,5,stimuli/fractals/87b.jpg,-0.2059133902679413,0.1563776056339249,stimuli/fractals/87b.jpg,stimuli/fractals/87c.jpg,stimuli/fractals/87a.jpg,-0.2059133902679413,0.1563776056339249,-0.3619484173400154,-0.338630657507241,-0.1280035716696886,-0.3503862999791177,0.3303391500841639,0.05614199810624964
ENC,4,3000,1,1,OBJ,OLP,1,6,stimuli/fractals/131a.jpg,0.2690510948191135,0.0002874265312224077,stimuli/fractals/131a.jpg,stimuli/fractals/131c.jpg,stimuli/fractals/131b.jpg,0.2690510948191135,0.0002874265312224077,0.3078048102537678,-0.4067035734466461,-0.03863884006854335,-0.02957176351717286,-0.3797727372381421,-0.2978578626523526
ENC,5,1000,1,1,OBJ,BL,0,0,stimuli/fractals/5c.jpg,-0.1520490145401148,0.4021254249749862,stimuli/fractals/5c.jpg,stimuli/fractals/5b.jpg,stimuli/fractals/5a.jpg,-0.1520490145401148,0.4021254249749862,0.1502268245518335,0.04468739188418927,0.06894345071999056,0.2945845306996054,-0.3168507996899571,-0.3951299573650755
ENC,6,1000,1,1,OBJ,OLP,1,3,stimuli/fractals/64a.jpg,-0.1715016967611458,-0.2344774895834636,stimuli/fractals/64a.jpg,stimuli/fractals/64c.jpg,stimuli/fractals/64b.jpg,-0.1715016967611458,-0.2344774895834636,-0.3837014976582105,-0.2789553365142,-0.08387376822042937,0.3028352846268382,0.3560076505220162,0.3645819440914732
ENC,7,1000,1,1,OBJ,OLP,2,0,stimuli/fractals/18a.jpg,0.0846478024186574,0.1762476977799933,stimuli/fractals/18b.jpg,stimuli/fractals/18a.jpg,stimuli/fractals/18c.jpg,0.0846478024186574,0.1762476977799933,0.278815362080955,0.01113991495545635,0.2825158615593359,-0.1979559103436217,-0.3826472461540262,-0.1614033160801682
ENC,8,3000,1,1,OBJ,ERP,2,0,stimuli/fractals/73a.jpg,0.3768973557215933,0.05130779050581191,stimuli/fractals/73a.jpg,stimuli/fractals/73c.jpg,stimuli/fractals/73b.jpg,0.3768973557215933,0.05130779050581191,0.1822133926777016,-0.3644020595463244,0.3036336663876035,-0.3765494326743515,-0.2138513312319924,0.3443796136130324
ENC,9,1000,1,1,OBJ,ERP,2,0,stimuli/fractals/87b.jpg,-0.2059133902679413,0.1563776056339249,stimuli/fractals/87b.jpg,stimuli/fractals/87c.jpg,stimuli/fractals/87a.jpg,-0.2059133902679413,0.1563776056339249,-0.3619484173400154,-0.338630657507241,-0.1280035716696886,-0.3503862999791177,0.3303391500841639,0.05614199810624964
ENC,10,2000,1,1,OBJ,OLP,2,0,stimuli/fractals/64c.jpg,-0.1715016967611458,-0.2344774895834636,stimuli/fractals/64a.jpg,stimuli/fractals/64c.jpg,stimuli/fractals/64b.jpg,-0.1715016967611458,-0.2344774895834636,-0.3837014976582105,-0.2789553365142,-0.08387376822042937,0.3028352846268382,0.3560076505220162,0.3645819440914732
ENC,11,1000,1,1,OBJ,OLP,2,0,stimuli/fractals/131c.jpg,0.2690510948191135,0.0002874265312224077,stimuli/fractals/131a.jpg,stimuli/fractals/131c.jpg,stimuli/fractals/131b.jpg,0.2690510948191135,0.0002874265312224077,0.3078048102537678,-0.4067035734466461,-0.03863884006854335,-0.02957176351717286,-0.3797727372381421,-0.2978578626523526
ENC,12,2000,1,1,OBJ,ERP,1,4,stimuli/fractals/1b.jpg,-0.3804115712089181,-0.03467135477802327,stimuli/fractals/1b.jpg,stimuli/fractals/1a.jpg,stimuli/fractals/1c.jpg,-0.3804115712089181,-0.03467135477802327,-0.125804258327099,-0.1942505527682666,-0.06122540887491841,0.0707338448656324,0.3026724070649608,0.3967861514275878
ENC,13,6000,1,1,OBJ,OLP,1,2,stimuli/fractals/36b.jpg,0.005576027635974335,0.4087177857058266,stimuli/fractals/36b.jpg,stimuli/fractals/36a.jpg,stimuli/fractals/36c.jpg,0.005576027635974335,0.4087177857058266,-0.2152885608643079,0.06713988573769038,0.209407978320403,0.009582688898660815,0.2380114342098553,-0.3580247056762529
ENC,14,2000,1,1,OBJ,ERP,1,3,stimuli/fractals/71b.jpg,0.01407014772162173,-0.032929964949542,stimuli/fractals/71b.jpg,stimuli/fractals/71a.jpg,stimuli/fractals/71c.jpg,0.01407014772162173,-0.032929964949542,0.2081543067308059,0.258327804033483,-0.2495651010405923,0.1651517761596066,-0.3861934463135738,0.40605783914732
ENC,15,3000,1,1,OBJ,OLP,1,4,stimuli/fractals/108a.jpg,-0.2380225444709118,0.07881518262293483,stimuli/fractals/108a.jpg,stimuli/fractals/108b.jpg,stimuli/fractals/108c.jpg,-0.2380225444709118,0.07881518262293483,-0.3477887321494594,-0.3394721412067945,-0.3664697003231668,-0.3415271088584121,0.317561497525634,0.2283276200915821
ENC,16,2000,1,1,OBJ,OLP,2,0,stimuli/fractals/36a.jpg,0.005576027635974335,0.4087177857058266,stimuli/fractals/36b.jpg,stimuli/fractals/36a.jpg,stimuli/fractals/36c.jpg,0.005576027635974335,0.4087177857058266,-0.2152885608643079,0.06713988573769038,0.209407978320403,0.009582688898660815,0.2380114342098553,-0.3580247056762529
ENC,17,2000,1,1,OBJ,ERP,2,0,stimuli/fractals/1b.jpg,-0.3804115712089181,-0.03467135477802327,stimuli/fractals/1b.jpg,stimuli/fractals/1a.jpg,stimuli/fractals/1c.jpg,-0.3804115712089181,-0.03467135477802327,-0.125804258327099,-0.1942505527682666,-0.06122540887491841,0.0707338448656324,0.3026724070649608,0.3967861514275878
ENC,18,2000,1,1,OBJ,ERP,2,0,stimuli/fractals/71b.jpg,0.01407014772162173,-0.032929964949542,stimuli/fractals/71b.jpg,stimuli/fractals/71a.jpg,stimuli/fractals/71c.jpg,0.01407014772162173,-0.032929964949542,0.2081543067308059,0.258327804033483,-0.2495651010405923,0.1651517761596066,-0.3861934463135738,0.40605783914732
ENC,19,1000,1,1,OBJ,ERP,1,6,stimuli/fractals/46a.jpg,-0.2546209494315707,-0.1237497927950753,stimuli/fractals/46a.jpg,stimuli/fractals/46c.jpg,stimuli/fractals/46b.jpg,-0.2546209494315707,-0.1237497927950753,-0.2574332727018408,0.2591068735801265,-0.06198690859186158,0.3133637065677556,0.2085206672735813,-0.3345089958898182
ENC,20,3000,1,1,OBJ,OLP,2,0,stimuli/fractals/108b.jpg,-0.2380225444709118,0.07881518262293483,stimuli/fractals/108a.jpg,stimuli/fractals/108b.jpg,stimuli/fractals/108c.jpg,-0.2380225444709118,0.07881518262293483,-0.3477887321494594,-0.3394721412067945,-0.3664697003231668,-0.3415271088584121,0.317561497525634,0.2283276200915821
ENC,21,3000,1,1,OBJ,BL,0,0,stimuli/fractals/5c.jpg,-0.1520490145401148,0.4021254249749862,stimuli/fractals/5c.jpg,stimuli/fractals/5b.jpg,stimuli/fractals/5a.jpg,-0.1520490145401148,0.4021254249749862,0.1502268245518335,0.04468739188418927,0.06894345071999056,0.2945845306996054,-0.3168507996899571,-0.3951299573650755
ENC,22,1000,1,1,OBJ,ERP,1,1,stimuli/fractals/136a.jpg,-0.1541313258560605,0.3731932081544659,stimuli/fractals/136a.jpg,stimuli/fractals/136c.jpg,stimuli/fractals/136b.jpg,-0.1541313258560605,0.3731932081544659,-0.2537750649798436,-0.2217673521693356,-0.378127375789252,0.117323662192983,0.3214567094170896,-0.1473474919841903
ENC,23,2000,1,1,OBJ,OLP,1,1,stimuli/fractals/105b.jpg,0.02494284493027047,0.2775665233556615,stimuli/fractals/105b.jpg,stimuli/fractals/105a.jpg,stimuli/fractals/105c.jpg,0.02494284493027047,0.2775665233556615,0.2697271773609461,-0.1283153619992058,0.1468563898925459,-0.1444556065283343,-0.342385105891181,-0.2887340448699865
ENC,24,1000,1,1,OBJ,ERP,2,0,stimuli/fractals/136a.jpg,-0.1541313258560605,0.3731932081544659,stimuli/fractals/136a.jpg,stimuli/fractals/136c.jpg,stimuli/fractals/136b.jpg,-0.1541313258560605,0.3731932081544659,-0.2537750649798436,-0.2217673521693356,-0.378127375789252,0.117323662192983,0.3214567094170896,-0.1473474919841903
ENC,25,4000,1,1,OBJ,OLP,2,0,stimuli/fractals/105a.jpg,0.02494284493027047,0.2775665233556615,stimuli/fractals/105b.jpg,stimuli/fractals/105a.jpg,stimuli/fractals/105c.jpg,0.02494284493027047,0.2775665233556615,0.2697271773609461,-0.1283153619992058,0.1468563898925459,-0.1444556065283343,-0.342385105891181,-0.2887340448699865
ENC,26,4000,1,1,OBJ,ERP,2,0,stimuli/fractals/46a.jpg,-0.2546209494315707,-0.1237497927950753,stimuli/fractals/46a.jpg,stimuli/fractals/46c.jpg,stimuli/fractals/46b.jpg,-0.2546209494315707,-0.1237497927950753,-0.2574332727018408,0.2591068735801265,-0.06198690859186158,0.3133637065677556,0.2085206672735813,-0.3345089958898182
ENC,27,2000,1,1,OBJ,OLP,1,3,stimuli/fractals/44c.jpg,0.3644555580204791,0.3448265221475747,stimuli/fractals/44c.jpg,stimuli/fractals/44a.jpg,stimuli/fractals/44b.jpg,0.3644555580204791,0.3448265221475747,0.3603022095584256,-0.2641427974283281,0.1385021513378635,0.276646244541856,-0.1175645930498106,0.03358229809855107
ENC,28,5000,1,1,OBJ,OLP,1,5,stimuli/fractals/84c.jpg,-0.2696208928222633,0.007808798090878907,stimuli/fractals/84c.jpg,stimuli/fractals/84b.jpg,stimuli/fractals/84a.jpg,-0.2696208928222633,0.007808798090878907,-0.1656651241938464,-0.3830839393389771,0.02443917340390141,0.04714155766467285,0.3835891262096757,-0.3663320807706877
ENC,29,2000,1,1,OBJ,OLP,1,5,stimuli/fractals/118b.jpg,-0.2721622800758997,-0.3871753941990098,stimuli/fractals/118b.jpg,stimuli/fractals/118a.jpg,stimuli/fractals/118c.jpg,-0.2721622800758997,-0.3871753941990098,-0.3454952780804318,0.2083579778798537,0.05607383233837737,-0.2898307941881098,0.2496025042987687,-0.3512027312613178
ENC,30,1000,1,1,OBJ,ERP,1,1,stimuli/fractals/120b.jpg,-0.1354214274387607,-0.3102137082223294,stimuli/fractals/120b.jpg,stimuli/fractals/120a.jpg,stimuli/fractals/120c.jpg,-0.1354214274387607,-0.3102137082223294,-0.386879050930714,-0.3168799482419061,-0.2815566288741779,0.1406925450400142,0.3370519826487656,-0.3703346022665735
ENC,31,500,1,1,OBJ,OLP,2,0,stimuli/fractals/44a.jpg,0.3644555580204791,0.3448265221475747,stimuli/fractals/44c.jpg,stimuli/fractals/44a.jpg,stimuli/fractals/44b.jpg,0.3644555580204791,0.3448265221475747,0.3603022095584256,-0.2641427974283281,0.1385021513378635,0.276646244541856,-0.1175645930498106,0.03358229809855107
ENC,32,5000,1,1,OBJ,ERP,2,0,stimuli/fractals/120b.jpg,-0.1354214274387607,-0.3102137082223294,stimuli/fractals/120b.jpg,stimuli/fractals/120a.jpg,stimuli/fractals/120c.jpg,-0.1354214274387607,-0.3102137082223294,-0.386879050930714,-0.3168799482419061,-0.2815566288741779,0.1406925450400142,0.3370519826487656,-0.3703346022665735
ENC,33,3000,1,1,OBJ,BL,0,0,stimuli/fractals/5c.jpg,-0.1520490145401148,0.4021254249749862,stimuli/fractals/5c.jpg,stimuli/fractals/5b.jpg,stimuli/fractals/5a.jpg,-0.1520490145401148,0.4021254249749862,0.1502268245518335,0.04468739188418927,0.06894345071999056,0.2945845306996054,-0.3168507996899571,-0.3951299573650755
ENC,34,2000,1,1,OBJ,OLP,2,0,stimuli/fractals/84b.jpg,-0.1520490145401148,0.4021254249749862,stimuli/fractals/84c.jpg,stimuli/fractals/84b.jpg,stimuli/fractals/84a.jpg,-0.1520490145401148,0.4021254249749862,0.1502268245518335,0.04468739188418927,0.06894345071999056,0.2945845306996054,-0.3168507996899571,-0.3951299573650755
ENC,35,3000,1,1,OBJ,OLP,2,0,stimuli/fractals/118a.jpg,-0.2721622800758997,-0.3871753941990098,stimuli/fractals/118b.jpg,stimuli/fractals/118a.jpg,stimuli/fractals/118c.jpg,-0.2721622800758997,-0.3871753941990098,-0.3454952780804318,0.2083579778798537,0.05607383233837737,-0.2898307941881098,0.2496025042987687,-0.3512027312613178
ENC,36,5000,1,1,OBJ,OLP,1,3,stimuli/fractals/34a.jpg,-0.3816958260678111,0.03901318174816332,stimuli/fractals/34a.jpg,stimuli/fractals/34c.jpg,stimuli/fractals/34b.jpg,-0.3816958260678111,0.03901318174816332,-0.1634085959937791,0.4062728323134085,-0.2764630847852881,-0.3939106572155436,0.1089585891639869,-0.3683061697522074
ENC,37,1000,1,1,OBJ,ERP,1,5,stimuli/fractals/142a.jpg,0.3750819553154054,-0.001795014878278778,stimuli/fractals/142a.jpg,stimuli/fractals/142c.jpg,stimuli/fractals/142b.jpg,0.3750819553154054,-0.001795014878278778,0.3753290373399779,0.4042727646804952,0.3405579616786087,-0.4143813091790542,-0.1104804359537633,-0.1900424724213301
ENC,38,1000,1,1,OBJ,OLP,1,6,stimuli/fractals/109c.jpg,-0.04885208991068778,-0.4153653829414797,stimuli/fractals/109c.jpg,stimuli/fractals/109a.jpg,stimuli/fractals/109b.jpg,-0.04885208991068778,-0.4153653829414797,-0.1286808965823795,0.09614337076522896,-0.3041533609355609,-0.2658008496044397,0.3551102544680717,0.2205530944428319
ENC,39,1000,1,1,OBJ,OLP,1,4,stimuli/fractals/129a.jpg,-0.245844026258031,0.0426795748265806,stimuli/fractals/129a.jpg,stimuli/fractals/129b.jpg,stimuli/fractals/129c.jpg,-0.245844026258031,0.0426795748265806,-0.2659619054605267,-0.3273973426981215,-0.311266355374494,-0.3966329898851849,0.2030603150967986,-0.2852764861308882
ENC,40,1000,1,1,OBJ,OLP,2,0,stimuli/fractals/34c.jpg,-0.3816958260678111,0.03901318174816332,stimuli/fractals/34a.jpg,stimuli/fractals/34c.jpg,stimuli/fractals/34b.jpg,-0.3816958260678111,0.03901318174816332,-0.1634085959937791,0.4062728323134085,-0.2764630847852881,-0.3939106572155436,0.1089585891639869,-0.3683061697522074
ENC,41,7000,1,1,OBJ,OLP,1,5,stimuli/fractals/79b.jpg,0.0709614492786948,0.3446984909274767,stimuli/fractals/79b.jpg,stimuli/fractals/79a.jpg,stimuli/fractals/79c.jpg,0.0709614492786948,0.3446984909274767,-0.1488860109657746,0.3718873122300707,-0.1809026486050745,0.1163723098863658,-0.3680811460645719,-0.3962932669044718
ENC,42,4000,1,1,OBJ,OLP,1,3,stimuli/fractals/117b.jpg,-0.3442928698263335,0.182498867978458,stimuli/fractals/117b.jpg,stimuli/fractals/117c.jpg,stimuli/fractals/117a.jpg,-0.3442928698263335,0.182498867978458,-0.350337486895272,-0.2141941644705148,-0.1100205763261537,0.3844134831186136,0.2215461388930396,0.0987660561393427
ENC,43,500,1,1,OBJ,ERP,2,0,stimuli/fractals/142a.jpg,0.3750819553154054,-0.001795014878278778,stimuli/fractals/142a.jpg,stimuli/fractals/142c.jpg,stimuli/fractals/142b.jpg,0.3750819553154054,-0.001795014878278778,0.3753290373399779,0.4042727646804952,0.3405579616786087,-0.4143813091790542,-0.1104804359537633,-0.1900424724213301
ENC,44,6000,1,1,OBJ,OLP,2,0,stimuli/fractals/129b.jpg,-0.245844026258031,0.0426795748265806,stimuli/fractals/129a.jpg,stimuli/fractals/129b.jpg,stimuli/fractals/129c.jpg,-0.245844026258031,0.0426795748265806,-0.2659619054605267,-0.3273973426981215,-0.311266355374494,-0.3966329898851849,0.2030603150967986,-0.2852764861308882
ENC,45,6000,1,1,OBJ,OLP,2,0,stimuli/fractals/109a.jpg,-0.04885208991068778,-0.4153653829414797,stimuli/fractals/109c.jpg,stimuli/fractals/109a.jpg,stimuli/fractals/109b.jpg,-0.04885208991068778,-0.4153653829414797,-0.1286808965823795,0.09614337076522896,-0.3041533609355609,-0.2658008496044397,0.3551102544680717,0.2205530944428319
ENC,46,1000,1,1,OBJ,OLP,2,0,stimuli/fractals/117c.jpg,-0.3442928698263335,0.182498867978458,stimuli/fractals/117b.jpg,stimuli/fractals/117c.jpg,stimuli/fractals/117a.jpg,-0.3442928698263335,0.182498867978458,-0.350337486895272,-0.2141941644705148,-0.1100205763261537,0.3844134831186136,0.2215461388930396,0.0987660561393427
ENC,47,1000,1,1,OBJ,OLP,2,0,stimuli/fractals/79a.jpg,0.0709614492786948,0.3446984909274767,stimuli/fractals/79b.jpg,stimuli/fractals/79a.jpg,stimuli/fractals/79c.jpg,0.0709614492786948,0.3446984909274767,-0.1488860109657746,0.3718873122300707,-0.1809026486050745,0.1163723098863658,-0.3680811460645719,-0.3962932669044718
ENC,48,3000,1,1,OBJ,OLP,1,2,stimuli/fractals/168a.jpg,-0.03701510994653093,-0.3010024875596268,stimuli/fractals/168a.jpg,stimuli/fractals/168c.jpg,stimuli/fractals/168b.jpg,-0.03701510994653093,-0.3010024875596268,-0.2628457980995951,-0.2446572710903704,0.3094388111720264,-0.1178082078657417,0.337693710121597,0.2578203672059639
ENC,49,8000,1,1,OBJ,OLP,1,4,stimuli/fractals/17c.jpg,0.3332947004247522,0.2009445300454329,stimuli/fractals/17c.jpg,stimuli/fractals/17b.jpg,stimuli/fractals/17a.jpg,0.3332947004247522,0.2009445300454329,0.1022347584801648,-0.2764190478727063,0.1017075937031334,0.1811551734380205,-0.3603899191353218,0.1242901129102121
ENC,50,3000,1,1,OBJ,ERP,1,6,stimuli/fractals/114b.jpg,-0.2968950703010222,-0.07005464221456313,stimuli/fractals/114b.jpg,stimuli/fractals/114c.jpg,stimuli/fractals/114a.jpg,-0.2968950703010222,-0.07005464221456313,-0.3464869417577635,0.3617056035054498,-0.06898901503453209,0.1801648906642634,0.2413172382247524,0.0291653672766472
ENC,51,500,1,1,OBJ,OLP,2,0,stimuli/fractals/168c.jpg,-0.03701510994653093,-0.3010024875596268,stimuli/fractals/168a.jpg,stimuli/fractals/168c.jpg,stimuli/fractals/168b.jpg,-0.03701510994653093,-0.3010024875596268,-0.2628457980995951,-0.2446572710903704,0.3094388111720264,-0.1178082078657417,0.337693710121597,0.2578203672059639
ENC,52,7000,1,1,OBJ,OLP,1,6,stimuli/fractals/65a.jpg,-0.1130310451650112,-0.2383503716261308,stimuli/fractals/65a.jpg,stimuli/fractals/65b.jpg,stimuli/fractals/65c.jpg,-0.1130310451650112,-0.2383503716261308,-0.1659405555109535,0.1397688963325832,0.1031769196561814,-0.0438022743584404,0.3861109557734833,0.01117928497833381
ENC,53,2000,1,1,OBJ,OLP,1,2,stimuli/fractals/60b.jpg,-0.1374721395488958,-0.159941638734277,stimuli/fractals/60b.jpg,stimuli/fractals/60c.jpg,stimuli/fractals/60a.jpg,-0.1374721395488958,-0.159941638734277,-0.1300562948861856,0.226882724977819,0.192884960932556,-0.2074215871091034,0.3844602410227889,-0.4091432656786538
ENC,54,4000,1,1,OBJ,OLP,2,0,stimuli/fractals/17b.jpg,0.3332947004247522,0.2009445300454329,stimuli/fractals/17c.jpg,stimuli/fractals/17b.jpg,stimuli/fractals/17a.jpg,0.3332947004247522,0.2009445300454329,0.1022347584801648,-0.2764190478727063,0.1017075937031334,0.1811551734380205,-0.3603899191353218,0.1242901129102121
ENC,55,2000,1,1,OBJ,OLP,1,2,stimuli/fractals/37a.jpg,0.06537136131320445,-0.04825337167849211,stimuli/fractals/37a.jpg,stimuli/fractals/37c.jpg,stimuli/fractals/37b.jpg,0.06537136131320445,-0.04825337167849211,0.300666070494203,0.2685224956787966,-0.2489155887321869,0.06862003782606466,-0.3876826322224859,0.1718294254670288
ENC,56,3000,1,1,OBJ,OLP,2,0,stimuli/fractals/60c.jpg,-0.1374721395488958,-0.159941638734277,stimuli/fractals/60b.jpg,stimuli/fractals/60c.jpg,stimuli/fractals/60a.jpg,-0.1374721395488958,-0.159941638734277,-0.1300562948861856,0.226882724977819,0.192884960932556,-0.2074215871091034,0.3844602410227889,-0.4091432656786538
ENC,57,2000,1,1,OBJ,ERP,2,0,stimuli/fractals/114b.jpg,-0.2968950703010222,-0.07005464221456313,stimuli/fractals/114b.jpg,stimuli/fractals/114c.jpg,stimuli/fractals/114a.jpg,-0.2968950703010222,-0.07005464221456313,-0.3464869417577635,0.3617056035054498,-0.06898901503453209,0.1801648906642634,0.2413172382247524,0.0291653672766472
ENC,58,2000,1,1,OBJ,OLP,2,0,stimuli/fractals/37c.jpg,0.06537136131320445,-0.04825337167849211,stimuli/fractals/37a.jpg,stimuli/fractals/37c.jpg,stimuli/fractals/37b.jpg,0.06537136131320445,-0.04825337167849211,0.300666070494203,0.2685224956787966,-0.2489155887321869,0.06862003782606466,-0.3876826322224859,0.1718294254670288
ENC,59,4000,1,1,OBJ,OLP,2,0,stimuli/fractals/65b.jpg,-0.1130310451650112,-0.2383503716261308,stimuli/fractals/65a.jpg,stimuli/fractals/65b.jpg,stimuli/fractals/65c.jpg,-0.1130310451650112,-0.2383503716261308,-0.1659405555109535,0.1397688963325832,0.1031769196561814,-0.0438022743584404,0.3861109557734833,0.01117928497833381
ENC,60,1000,1,1,OBJ,OLP,1,1,stimuli/fractals/51a.jpg,0.3899833153953723,0.02621731585202764,stimuli/fractals/51a.jpg,stimuli/fractals/51b.jpg,stimuli/fractals/51c.jpg,0.3899833153953723,0.02621731585202764,0.1382975552828366,-0.3478807301221197,0.04028173778726873,-0.04512988675728893,-0.219452114606754,0.336144715175751
ENC,61,3000,1,1,OBJ,ERP,1,3,stimuli/fractals/156c.jpg,0.346144221449675,-0.1390359704936906,stimuli/fractals/156c.jpg,stimuli/fractals/156b.jpg,stimuli/fractals/156a.jpg,0.346144221449675,-0.1390359704936906,0.3567744931675187,0.3125220730683743,0.1240210133532553,-0.02383083102783459,-0.2230776547929406,0.08476802989134982
ENC,62,2000,1,1,OBJ,OLP,2,0,stimuli/fractals/51b.jpg,0.3899833153953723,0.02621731585202764,stimuli/fractals/51a.jpg,stimuli/fractals/51b.jpg,stimuli/fractals/51c.jpg,0.3899833153953723,0.02621731585202764,0.1382975552828366,-0.3478807301221197,0.04028173778726873,-0.04512988675728893,-0.219452114606754,0.336144715175751
ENC,63,5000,1,1,OBJ,BL,0,0,stimuli/fractals/5c.jpg,-0.1520490145401148,0.4021254249749862,stimuli/fractals/5c.jpg,stimuli/fractals/5b.jpg,stimuli/fractals/5a.jpg,-0.1520490145401148,0.4021254249749862,0.1502268245518335,0.04468739188418927,0.06894345071999056,0.2945845306996054,-0.3168507996899571,-0.3951299573650755
ENC,64,6000,1,1,OBJ,ERP,1,1,stimuli/fractals/93c.jpg,-0.1530531158684018,0.3658346194621694,stimuli/fractals/93c.jpg,stimuli/fractals/93a.jpg,stimuli/fractals/93b.jpg,-0.1530531158684018,0.3658346194621694,-0.3469645779753601,-0.02370252425755021,-0.05783615691704836,-0.1266566745114904,0.3401628177634708,0.1376539918698723
ENC,65,2000,1,1,OBJ,ERP,2,0,stimuli/fractals/156c.jpg,0.346144221449675,-0.1390359704936906,stimuli/fractals/156c.jpg,stimuli/fractals/156b.jpg,stimuli/fractals/156a.jpg,0.346144221449675,-0.1390359704936906,0.3567744931675187,0.3125220730683743,0.1240210133532553,-0.02383083102783459,-0.2230776547929406,0.08476802989134982
ENC,66,2000,1,1,OBJ,ERP,2,0,stimuli/fractals/93c.jpg,-0.1530531158684018,0.3658346194621694,stimuli/fractals/93c.jpg,stimuli/fractals/93a.jpg,stimuli/fractals/93b.jpg,-0.1530531158684018,0.3658346194621694,-0.3469645779753601,-0.02370252425755021,-0.05783615691704836,-0.1266566745114904,0.3401628177634708,0.1376539918698723
ENC,67,6000,1,1,OBJ,OLP,1,1,stimuli/fractals/49b.jpg,0.3037080864380443,0.2554164797207921,stimuli/fractals/49b.jpg,stimuli/fractals/49c.jpg,stimuli/fractals/49a.jpg,0.3037080864380443,0.2554164797207921,0.3562149727533181,-0.1107291600672905,0.2490342818357341,-0.1269750102616319,-0.1097753933838159,-0.2448418223561114
ENC,68,3000,1,1,OBJ,OLP,1,4,stimuli/fractals/126c.jpg,-0.2574333466423989,-0.3903024542863426,stimuli/fractals/126c.jpg,stimuli/fractals/126a.jpg,stimuli/fractals/126b.jpg,-0.2574333466423989,-0.3903024542863426,-0.3876033250983988,-0.09528809061775474,-0.1460183970581035,0.02784805220265164,0.02139731790626295,0.3184007996473637
ENC,69,2000,1,1,OBJ,OLP,2,0,stimuli/fractals/49c.jpg,0.3037080864380443,0.2554164797207921,stimuli/fractals/49b.jpg,stimuli/fractals/49c.jpg,stimuli/fractals/49a.jpg,0.3037080864380443,0.2554164797207921,0.3562149727533181,-0.1107291600672905,0.2490342818357341,-0.1269750102616319,-0.1097753933838159,-0.2448418223561114
ENC,70,1000,1,1,OBJ,OLP,1,5,stimuli/fractals/80b.jpg,-0.01142858587170643,0.02400704754130698,stimuli/fractals/80b.jpg,stimuli/fractals/80a.jpg,stimuli/fractals/80c.jpg,-0.01142858587170643,0.02400704754130698,-0.3629665881649611,0.02262932214161919,-0.1599424939667054,0.412429668801224,0.3903507087883708,-0.407795072935128
ENC,71,1000,1,1,OBJ,OLP,1,2,stimuli/fractals/31c.jpg,-0.1678101771971605,0.07865203906623784,stimuli/fractals/31c.jpg,stimuli/fractals/31b.jpg,stimuli/fractals/31a.jpg,-0.1678101771971605,0.07865203906623784,-0.3852078747949485,-0.3438948537000353,0.09449792512712012,0.3379176296008285,0.2494527757606869,-0.3943981703737374
ENC,72,1000,1,1,OBJ,ERP,1,2,stimuli/fractals/141c.jpg,-0.2636510900278354,0.2635680524365941,stimuli/fractals/141c.jpg,stimuli/fractals/141a.jpg,stimuli/fractals/141b.jpg,-0.2636510900278354,0.2635680524365941,-0.3236986801075316,-0.2466239499348171,0.09517633717566541,0.2244563060981551,0.2909436841138014,0.3653137112563661
ENC,73,1000,1,1,OBJ,OLP,2,0,stimuli/fractals/126a.jpg,-0.2574333466423989,-0.3903024542863426,stimuli/fractals/126c.jpg,stimuli/fractals/126a.jpg,stimuli/fractals/126b.jpg,-0.2574333466423989,-0.3903024542863426,-0.3876033250983988,-0.09528809061775474,-0.1460183970581035,0.02784805220265164,0.02139731790626295,0.3184007996473637
ENC,74,1000,1,1,OBJ,OLP,2,0,stimuli/fractals/31b.jpg,-0.1678101771971605,0.07865203906623784,stimuli/fractals/31c.jpg,stimuli/fractals/31b.jpg,stimuli/fractals/31a.jpg,-0.1678101771971605,0.07865203906623784,-0.3852078747949485,-0.3438948537000353,0.09449792512712012,0.3379176296008285,0.2494527757606869,-0.3943981703737374
ENC,75,5000,1,1,OBJ,ERP,2,0,stimuli/fractals/141c.jpg,-0.2636510900278354,0.2635680524365941,stimuli/fractals/141c.jpg,stimuli/fractals/141a.jpg,stimuli/fractals/141b.jpg,-0.2636510900278354,0.2635680524365941,-0.3236986801075316,-0.2466239499348171,0.09517633717566541,0.2244563060981551,0.2909436841138014,0.3653137112563661
ENC,76,1000,1,1,OBJ,OLP,2,0,stimuli/fractals/80a.jpg,-0.01142858587170643,0.02400704754130698,stimuli/fractals/80b.jpg,stimuli/fractals/80a.jpg,stimuli/fractals/80c.jpg,-0.01142858587170643,0.02400704754130698,-0.3629665881649611,0.02262932214161919,-0.1599424939667054,0.412429668801224,0.3903507087883708,-0.407795072935128
ENC,77,3000,2,2,OBJ,OLP,1,6,stimuli/fractals/166a.jpg,0.2738813312312741,0.1658656616264234,stimuli/fractals/166a.jpg,stimuli/fractals/166b.jpg,stimuli/fractals/166c.jpg,0.2738813312312741,0.1658656616264234,0.3685359782425622,-0.2551619888518212,0.06798842084939073,0.4103912803568149,-0.3143347168718937,-0.1710715267808923
ENC,78,5000,2,2,OBJ,OLP,1,3,stimuli/fractals/57a.jpg,-0.3253525075787286,-0.03953672505174655,stimuli/fractals/57a.jpg,stimuli/fractals/57b.jpg,stimuli/fractals/57c.jpg,-0.3253525075787286,-0.03953672505174655,-0.08483591452486786,-0.1111451946770881,-0.07574654731595612,0.03915213917693381,0.3092284195039306,0.3409807621113443
ENC,79,1000,2,2,OBJ,ERP,1,6,stimuli/fractals/106b.jpg,0.1699243292081633,-0.2998572004042187,stimuli/fractals/106b.jpg,stimuli/fractals/106a.jpg,stimuli/fractals/106c.jpg,0.1699243292081633,-0.2998572004042187,0.09751451200363874,0.153319566263267,0.1308147379996472,0.206269179369208,-0.3527402348668574,-0.08933586867651394
ENC,80,8000,2,2,OBJ,ERP,1,6,stimuli/fractals/102c.jpg,-0.3314841306615032,-0.303228450598796,stimuli/fractals/102c.jpg,stimuli/fractals/102a.jpg,stimuli/fractals/102b.jpg,-0.3314841306615032,-0.303228450598796,-0.3753842552138337,0.1940240113973034,-0.08784028575784089,-0.2520835558037708,0.1298244314276734,0.2707793847541508
ENC,81,2000,2,2,OBJ,OLP,1,1,stimuli/fractals/32a.jpg,-0.3678176076881225,0.1615424469212542,stimuli/fractals/32a.jpg,stimuli/fractals/32c.jpg,stimuli/fractals/32b.jpg,-0.3678176076881225,0.1615424469212542,-0.3038519761426124,-0.4153727637248919,-0.082955723283404,0.1341018420498992,0.227194539360654,0.2189377244992541
ENC,82,3000,2,2,OBJ,OLP,2,0,stimuli/fractals/57b.jpg,-0.3253525075787286,-0.03953672505174655,stimuli/fractals/57a.jpg,stimuli/fractals/57b.jpg,stimuli/fractals/57c.jpg,-0.3253525075787286,-0.03953672505174655,-0.08483591452486786,-0.1111451946770881,-0.07574654731595612,0.03915213917693381,0.3092284195039306,0.3409807621113443
ENC,83,3000,2,2,OBJ,OLP,2,0,stimuli/fractals/32c.jpg,-0.3678176076881225,0.1615424469212542,stimuli/fractals/32a.jpg,stimuli/fractals/32c.jpg,stimuli/fractals/32b.jpg,-0.3678176076881225,0.1615424469212542,-0.3038519761426124,-0.4153727637248919,-0.082955723283404,0.1341018420498992,0.227194539360654,0.2189377244992541
ENC,84,1000,2,2,OBJ,OLP,2,0,stimuli/fractals/166b.jpg,0.2738813312312741,0.1658656616264234,stimuli/fractals/166a.jpg,stimuli/fractals/166b.jpg,stimuli/fractals/166c.jpg,0.2738813312312741,0.1658656616264234,0.3685359782425622,-0.2551619888518212,0.06798842084939073,0.4103912803568149,-0.3143347168718937,-0.1710715267808923
ENC,85,1000,2,2,OBJ,BL,0,0,stimuli/fractals/5c.jpg,-0.1520490145401148,0.4021254249749862,stimuli/fractals/5c.jpg,stimuli/fractals/5b.jpg,stimuli/fractals/5a.jpg,-0.1520490145401148,0.4021254249749862,0.1502268245518335,0.04468739188418927,0.06894345071999056,0.2945845306996054,-0.3168507996899571,-0.3951299573650755
ENC,86,3000,2,2,OBJ,ERP,2,0,stimuli/fractals/106b.jpg,-0.1520490145401148,0.4021254249749862,stimuli/fractals/106b.jpg,stimuli/fractals/106a.jpg,stimuli/fractals/106c.jpg,-0.1520490145401148,0.4021254249749862,0.1502268245518335,0.04468739188418927,0.06894345071999056,0.2945845306996054,-0.3168507996899571,-0.3951299573650755
ENC,87,6000,2,2,OBJ,ERP,2,0,stimuli/fractals/102c.jpg,-0.3314841306615032,-0.303228450598796,stimuli/fractals/102c.jpg,stimuli/fractals/102a.jpg,stimuli/fractals/102b.jpg,-0.3314841306615032,-0.303228450598796,-0.3753842552138337,0.1940240113973034,-0.08784028575784089,-0.2520835558037708,0.1298244314276734,0.2707793847541508
ENC,88,3000,2,2,OBJ,OLP,1,5,stimuli/fractals/161c.jpg,-0.2414686091104526,0.1323567742708551,stimuli/fractals/161c.jpg,stimuli/fractals/161a.jpg,stimuli/fractals/161b.jpg,-0.2414686091104526,0.1323567742708551,-0.3004796791945045,-0.2230722136947734,-0.3362545096137938,-0.3020940756201495,0.3030142509239671,-0.3035489542372692
ENC,89,1000,2,2,OBJ,BL,0,0,stimuli/fractals/5c.jpg,-0.1520490145401148,0.4021254249749862,stimuli/fractals/5c.jpg,stimuli/fractals/5b.jpg,stimuli/fractals/5a.jpg,-0.1520490145401148,0.4021254249749862,0.1502268245518335,0.04468739188418927,0.06894345071999056,0.2945845306996054,-0.3168507996899571,-0.3951299573650755
ENC,90,2000,2,2,OBJ,OLP,1,5,stimuli/fractals/38b.jpg,0.2299516379540531,0.02515477174893216,stimuli/fractals/38b.jpg,stimuli/fractals/38c.jpg,stimuli/fractals/38a.jpg,0.2299516379540531,0.02515477174893216,0.3694075848641163,-0.2637511834382655,-0.07358906511676912,-0.1687033851732244,-0.2926175109456299,0.259100745960026
ENC,91,3000,2,2,OBJ,OLP,1,3,stimuli/fractals/53c.jpg,-0.3589788015954684,0.1792599887455011,stimuli/fractals/53c.jpg,stimuli/fractals/53a.jpg,stimuli/fractals/53b.jpg,-0.3589788015954684,0.1792599887455011,-0.3752415003478585,-0.3925634813816603,-0.1701799786651598,-0.2989819213470713,0.3648452421410848,0.001563907841958633
ENC,92,1000,2,2,OBJ,ERP,1,4,stimuli/fractals/92c.jpg,0.1018654245956649,-0.1640153057257073,stimuli/fractals/92c.jpg,stimuli/fractals/92a.jpg,stimuli/fractals/92b.jpg,0.1018654245956649,-0.1640153057257073,0.3309773704689303,0.2130482840841748,0.3568315838607784,0.1290974277856669,-0.3189751187179937,0.4119942289376171
ENC,93,1000,2,2,OBJ,BL,0,0,stimuli/fractals/5c.jpg,-0.1520490145401148,0.4021254249749862,stimuli/fractals/5c.jpg,stimuli/fractals/5b.jpg,stimuli/fractals/5a.jpg,-0.1520490145401148,0.4021254249749862,0.1502268245518335,0.04468739188418927,0.06894345071999056,0.2945845306996054,-0.3168507996899571,-0.3951299573650755
ENC,94,1000,2,2,OBJ,OLP,2,0,stimuli/fractals/161a.jpg,-0.1520490145401148,0.4021254249749862,stimuli/fractals/161c.jpg,stimuli/fractals/161a.jpg,stimuli/fractals/161b.jpg,-0.1520490145401148,0.4021254249749862,0.1502268245518335,0.04468739188418927,0.06894345071999056,0.2945845306996054,-0.3168507996899571,-0.3951299573650755
ENC,95,4000,2,2,OBJ,OLP,2,0,stimuli/fractals/53a.jpg,-0.3589788015954684,0.1792599887455011,stimuli/fractals/53c.jpg,stimuli/fractals/53a.jpg,stimuli/fractals/53b.jpg,-0.3589788015954684,0.1792599887455011,-0.3752415003478585,-0.3925634813816603,-0.1701799786651598,-0.2989819213470713,0.3648452421410848,0.001563907841958633
ENC,96,500,2,2,OBJ,OLP,2,0,stimuli/fractals/38c.jpg,0.2299516379540531,0.02515477174893216,stimuli/fractals/38b.jpg,stimuli/fractals/38c.jpg,stimuli/fractals/38a.jpg,0.2299516379540531,0.02515477174893216,0.3694075848641163,-0.2637511834382655,-0.07358906511676912,-0.1687033851732244,-0.2926175109456299,0.259100745960026
ENC,97,1000,2,2,OBJ,ERP,2,0,stimuli/fractals/92c.jpg,0.1018654245956649,-0.1640153057257073,stimuli/fractals/92c.jpg,stimuli/fractals/92a.jpg,stimuli/fractals/92b.jpg,0.1018654245956649,-0.1640153057257073,0.3309773704689303,0.2130482840841748,0.3568315838607784,0.1290974277856669,-0.3189751187179937,0.4119942289376171
ENC,98,2000,2,2,OBJ,ERP,1,1,stimuli/fractals/69c.jpg,-0.3815083446210935,0.1300677349020275,stimuli/fractals/69c.jpg,stimuli/fractals/69b.jpg,stimuli/fractals/69a.jpg,-0.3815083446210935,0.1300677349020275,-0.3896656686932337,-0.415758479189225,-0.1498138084796966,-0.2558862579308161,0.0578649485889042,-0.1675061579380579
ENC,99,3000,2,2,OBJ,OLP,1,1,stimuli/fractals/130a.jpg,0.02844897702137216,0.03333413041446365,stimuli/fractals/130a.jpg,stimuli/fractals/130c.jpg,stimuli/fractals/130b.jpg,0.02844897702137216,0.03333413041446365,0.2976268613882975,0.1439807108157682,-0.1736265021211571,0.2781933297004754,-0.3866968990814489,-0.3712991373304533
ENC,100,2000,2,2,OBJ,ERP,2,0,stimuli/fractals/69c.jpg,-0.3815083446210935,0.1300677349020275,stimuli/fractals/69c.jpg,stimuli/fractals/69b.jpg,stimuli/fractals/69a.jpg,-0.3815083446210935,0.1300677349020275,-0.3896656686932337,-0.415758479189225,-0.1498138084796966,-0.2558862579308161,0.0578649485889042,-0.1675061579380579
ENC,101,1000,2,2,OBJ,OLP,2,0,stimuli/fractals/130c.jpg,0.02844897702137216,0.03333413041446365,stimuli/fractals/130a.jpg,stimuli/fractals/130c.jpg,stimuli/fractals/130b.jpg,0.02844897702137216,0.03333413041446365,0.2976268613882975,0.1439807108157682,-0.1736265021211571,0.2781933297004754,-0.3866968990814489,-0.3712991373304533
ENC,102,1000,2,2,OBJ,OLP,1,1,stimuli/fractals/30b.jpg,0.08167367183837418,-0.3584397286413486,stimuli/fractals/30b.jpg,stimuli/fractals/30a.jpg,stimuli/fractals/30c.jpg,0.08167367183837418,-0.3584397286413486,0.2200734144032027,0.168737215848622,0.1047972786287729,0.1044738811577981,-0.2568610262289687,0.2449241391093428
ENC,103,1000,2,2,OBJ,OLP,1,5,stimuli/fractals/68b.jpg,0.02855983118450987,0.2316431936973959,stimuli/fractals/68b.jpg,stimuli/fractals/68a.jpg,stimuli/fractals/68c.jpg,0.02855983118450987,0.2316431936973959,0.2642733368431135,0.2979777274231121,-0.0713855294974497,-0.390727554346499,-0.3186014107236791,-0.3697173688402235
ENC,104,5000,2,2,OBJ,OLP,2,0,stimuli/fractals/30a.jpg,0.08167367183837418,-0.3584397286413486,stimuli/fractals/30b.jpg,stimuli/fractals/30a.jpg,stimuli/fractals/30c.jpg,0.08167367183837418,-0.3584397286413486,0.2200734144032027,0.168737215848622,0.1047972786287729,0.1044738811577981,-0.2568610262289687,0.2449241391093428
ENC,105,5000,2,2,OBJ,ERP,1,5,stimuli/fractals/40b.jpg,-0.05908032179347718,0.1989322964631509,stimuli/fractals/40b.jpg,stimuli/fractals/40c.jpg,stimuli/fractals/40a.jpg,-0.05908032179347718,0.1989322964631509,-0.2186979860904484,-0.3680300799311348,0.05286999172227074,-0.265139628750961,0.2977078471554501,-0.3873015137684849
ENC,106,1000,2,2,OBJ,OLP,1,5,stimuli/fractals/147a.jpg,0.08280985422737608,0.07713479709912703,stimuli/fractals/147a.jpg,stimuli/fractals/147b.jpg,stimuli/fractals/147c.jpg,0.08280985422737608,0.07713479709912703,0.1488867650264258,-0.2843523994454894,0.3698555420172949,0.09377645242416051,-0.3859450346308149,-0.3055849922236686
ENC,107,4000,2,2,OBJ,ERP,1,2,stimuli/fractals/132b.jpg,0.2867441420362315,-0.08804503168058431,stimuli/fractals/132b.jpg,stimuli/fractals/132c.jpg,stimuli/fractals/132a.jpg,0.2867441420362315,-0.08804503168058431,0.3304827419176142,0.3408510445278647,-0.05734991906783904,-0.01281892262116247,-0.2402929934572723,0.1366210018943947
ENC,108,500,2,2,OBJ,OLP,1,4,stimuli/fractals/56b.jpg,-0.1335208801774192,-0.1186409666309717,stimuli/fractals/56b.jpg,stimuli/fractals/56c.jpg,stimuli/fractals/56a.jpg,-0.1335208801774192,-0.1186409666309717,-0.2890975130575076,0.2385901566609482,-0.365564959543015,-0.138133206270189,0.3177963513481821,0.1489773525510078
ENC,109,3000,2,2,OBJ,OLP,2,0,stimuli/fractals/68a.jpg,0.02855983118450987,0.2316431936973959,stimuli/fractals/68b.jpg,stimuli/fractals/68a.jpg,stimuli/fractals/68c.jpg,0.02855983118450987,0.2316431936973959,0.2642733368431135,0.2979777274231121,-0.0713855294974497,-0.390727554346499,-0.3186014107236791,-0.3697173688402235
ENC,110,1000,2,2,OBJ,ERP,2,0,stimuli/fractals/132b.jpg,0.2867441420362315,-0.08804503168058431,stimuli/fractals/132b.jpg,stimuli/fractals/132c.jpg,stimuli/fractals/132a.jpg,0.2867441420362315,-0.08804503168058431,0.3304827419176142,0.3408510445278647,-0.05734991906783904,-0.01281892262116247,-0.2402929934572723,0.1366210018943947
ENC,111,4000,2,2,OBJ,ERP,2,0,stimuli/fractals/40b.jpg,-0.05908032179347718,0.1989322964631509,stimuli/fractals/40b.jpg,stimuli/fractals/40c.jpg,stimuli/fractals/40a.jpg,-0.05908032179347718,0.1989322964631509,-0.2186979860904484,-0.3680300799311348,0.05286999172227074,-0.265139628750961,0.2977078471554501,-0.3873015137684849
ENC,112,8000,2,2,OBJ,OLP,2,0,stimuli/fractals/147b.jpg,0.08280985422737608,0.07713479709912703,stimuli/fractals/147a.jpg,stimuli/fractals/147b.jpg,stimuli/fractals/147c.jpg,0.08280985422737608,0.07713479709912703,0.1488867650264258,-0.2843523994454894,0.3698555420172949,0.09377645242416051,-0.3859450346308149,-0.3055849922236686
ENC,113,2000,2,2,OBJ,OLP,2,0,stimuli/fractals/56c.jpg,-0.1335208801774192,-0.1186409666309717,stimuli/fractals/56b.jpg,stimuli/fractals/56c.jpg,stimuli/fractals/56a.jpg,-0.1335208801774192,-0.1186409666309717,-0.2890975130575076,0.2385901566609482,-0.365564959543015,-0.138133206270189,0.3177963513481821,0.1489773525510078
ENC,114,5000,2,2,OBJ,OLP,1,1,stimuli/fractals/6c.jpg,0.03085489797860497,-0.08985723323813136,stimuli/fractals/6c.jpg,stimuli/fractals/6a.jpg,stimuli/fractals/6b.jpg,0.03085489797860497,-0.08985723323813136,0.2411268459440555,0.1314638075393706,0.3536118235162221,0.1298793639898929,-0.3663110157061002,0.369898103420555
ENC,115,2000,2,2,OBJ,OLP,1,3,stimuli/fractals/47a.jpg,0.178836786228495,0.04142785631754956,stimuli/fractals/47a.jpg,stimuli/fractals/47c.jpg,stimuli/fractals/47b.jpg,0.178836786228495,0.04142785631754956,0.3902973169736505,-0.1086296930142745,-0.1032341564013537,0.3147661736271308,-0.3428329372902162,-0.23398971658472
ENC,116,1000,2,2,OBJ,OLP,2,0,stimuli/fractals/6a.jpg,0.03085489797860497,-0.08985723323813136,stimuli/fractals/6c.jpg,stimuli/fractals/6a.jpg,stimuli/fractals/6b.jpg,0.03085489797860497,-0.08985723323813136,0.2411268459440555,0.1314638075393706,0.3536118235162221,0.1298793639898929,-0.3663110157061002,0.369898103420555
ENC,117,3000,2,2,OBJ,ERP,1,4,stimuli/fractals/138b.jpg,-0.1025214895791542,0.1619455088634608,stimuli/fractals/138b.jpg,stimuli/fractals/138a.jpg,stimuli/fractals/138c.jpg,-0.1025214895791542,0.1619455088634608,-0.3544348474734165,0.3599617303634717,0.00627417093020816,-0.367056365939855,0.3258466037782294,-0.3452177367759884
ENC,118,2000,2,2,OBJ,OLP,1,5,stimuli/fractals/35b.jpg,-0.02813677890119604,0.1527889798815814,stimuli/fractals/35b.jpg,stimuli/fractals/35a.jpg,stimuli/fractals/35c.jpg,-0.02813677890119604,0.1527889798815814,-0.3085555122141842,0.01360514409647614,-0.1041659387822281,-0.2114192950328017,0.3781314690873577,-0.3025246264907875
ENC,119,1000,2,2,OBJ,OLP,2,0,stimuli/fractals/47c.jpg,0.178836786228495,0.04142785631754956,stimuli/fractals/47a.jpg,stimuli/fractals/47c.jpg,stimuli/fractals/47b.jpg,0.178836786228495,0.04142785631754956,0.3902973169736505,-0.1086296930142745,-0.1032341564013537,0.3147661736271308,-0.3428329372902162,-0.23398971658472
ENC,120,3000,2,2,OBJ,OLP,1,4,stimuli/fractals/154a.jpg,0.3881489783593748,-0.3984645997257968,stimuli/fractals/154a.jpg,stimuli/fractals/154b.jpg,stimuli/fractals/154c.jpg,0.3881489783593748,-0.3984645997257968,0.2177278109718414,0.06927726197194446,0.06609313585037603,-0.1192349199451112,-0.2680586077542296,0.1051569506831671
ENC,121,2000,2,2,OBJ,OLP,1,4,stimuli/fractals/140b.jpg,-0.1823691208628074,0.09375130451863925,stimuli/fractals/140b.jpg,stimuli/fractals/140a.jpg,stimuli/fractals/140c.jpg,-0.1823691208628074,0.09375130451863925,-0.368329099279506,-0.1208058102856738,-0.0222658615731642,0.393333014912797,0.3046945772454545,0.3797838101468821
ENC,122,2000,2,2,OBJ,ERP,2,0,stimuli/fractals/138b.jpg,-0.1025214895791542,0.1619455088634608,stimuli/fractals/138b.jpg,stimuli/fractals/138a.jpg,stimuli/fractals/138c.jpg,-0.1025214895791542,0.1619455088634608,-0.3544348474734165,0.3599617303634717,0.00627417093020816,-0.367056365939855,0.3258466037782294,-0.3452177367759884
ENC,123,1000,2,2,OBJ,ERP,1,3,stimuli/fractals/97a.jpg,-0.1261768867468853,0.1463275876341066,stimuli/fractals/97a.jpg,stimuli/fractals/97b.jpg,stimuli/fractals/97c.jpg,-0.1261768867468853,0.1463275876341066,-0.3540495134864298,-0.3246187519022529,-0.3713504548292875,0.3618533565967393,0.3017975014520877,-0.3993810777230596
ENC,124,3000,2,2,OBJ,OLP,2,0,stimuli/fractals/35a.jpg,-0.02813677890119604,0.1527889798815814,stimuli/fractals/35b.jpg,stimuli/fractals/35a.jpg,stimuli/fractals/35c.jpg,-0.02813677890119604,0.1527889798815814,-0.3085555122141842,0.01360514409647614,-0.1041659387822281,-0.2114192950328017,0.3781314690873577,-0.3025246264907875
ENC,125,2000,2,2,OBJ,OLP,2,0,stimuli/fractals/154b.jpg,0.3881489783593748,-0.3984645997257968,stimuli/fractals/154a.jpg,stimuli/fractals/154b.jpg,stimuli/fractals/154c.jpg,0.3881489783593748,-0.3984645997257968,0.2177278109718414,0.06927726197194446,0.06609313585037603,-0.1192349199451112,-0.2680586077542296,0.1051569506831671
ENC,126,1000,2,2,OBJ,OLP,2,0,stimuli/fractals/140a.jpg,-0.1823691208628074,0.09375130451863925,stimuli/fractals/140b.jpg,stimuli/fractals/140a.jpg,stimuli/fractals/140c.jpg,-0.1823691208628074,0.09375130451863925,-0.368329099279506,-0.1208058102856738,-0.0222658615731642,0.393333014912797,0.3046945772454545,0.3797838101468821
ENC,127,1000,2,2,OBJ,ERP,2,0,stimuli/fractals/97a.jpg,-0.1261768867468853,0.1463275876341066,stimuli/fractals/97a.jpg,stimuli/fractals/97b.jpg,stimuli/fractals/97c.jpg,-0.1261768867468853,0.1463275876341066,-0.3540495134864298,-0.3246187519022529,-0.3713504548292875,0.3618533565967393,0.3017975014520877,-0.3993810777230596
ENC,128,2000,2,2,OBJ,ERP,1,3,stimuli/fractals/133c.jpg,0.04003676625975417,0.40451821050214,stimuli/fractals/133c.jpg,stimuli/fractals/133a.jpg,stimuli/fractals/133b.jpg,0.04003676625975417,0.40451821050214,0.2648611070567032,0.08387787487840186,0.16530458632621,-0.1117965010160603,-0.2440366670216975,-0.2912739350177877
ENC,129,2000,2,2,OBJ,ERP,1,4,stimuli/fractals/165a.jpg,0.2897477093217078,0.1005039396361491,stimuli/fractals/165a.jpg,stimuli/fractals/165c.jpg,stimuli/fractals/165b.jpg,0.2897477093217078,0.1005039396361491,0.148623058135784,-0.2568395233194707,0.03576085663061631,-0.276656155269967,-0.1944365027357099,0.3119957307629332
ENC,130,1000,2,2,OBJ,OLP,1,6,stimuli/fractals/70c.jpg,-0.1818845385340072,-0.3909227473623039,stimuli/fractals/70c.jpg,stimuli/fractals/70a.jpg,stimuli/fractals/70b.jpg,-0.1818845385340072,-0.3909227473623039,-0.2669632980228602,0.1697443825143881,-0.1375630080870833,0.07890120530934461,0.3888434270994952,-0.1294543450940387
ENC,131,3000,2,2,OBJ,OLP,1,3,stimuli/fractals/22a.jpg,0.08165565026504064,-0.1846689285810799,stimuli/fractals/22a.jpg,stimuli/fractals/22c.jpg,stimuli/fractals/22b.jpg,0.08165565026504064,-0.1846689285810799,0.309043406304654,-0.2026316023349762,0.2080040869584214,0.2677152001437965,-0.3511086665522684,0.3816785735483593
ENC,132,1000,2,2,OBJ,ERP,2,0,stimuli/fractals/133c.jpg,0.04003676625975417,0.40451821050214,stimuli/fractals/133c.jpg,stimuli/fractals/133a.jpg,stimuli/fractals/133b.jpg,0.04003676625975417,0.40451821050214,0.2648611070567032,0.08387787487840186,0.16530458632621,-0.1117965010160603,-0.2440366670216975,-0.2912739350177877
ENC,133,3000,2,2,OBJ,BL,0,0,stimuli/fractals/5c.jpg,-0.1520490145401148,0.4021254249749862,stimuli/fractals/5c.jpg,stimuli/fractals/5b.jpg,stimuli/fractals/5a.jpg,-0.1520490145401148,0.4021254249749862,0.1502268245518335,0.04468739188418927,0.06894345071999056,0.2945845306996054,-0.3168507996899571,-0.3951299573650755
ENC,134,1000,2,2,OBJ,ERP,2,0,stimuli/fractals/165a.jpg,-0.1520490145401148,0.4021254249749862,stimuli/fractals/165a.jpg,stimuli/fractals/165c.jpg,stimuli/fractals/165b.jpg,-0.1520490145401148,0.4021254249749862,0.1502268245518335,0.04468739188418927,0.06894345071999056,0.2945845306996054,-0.3168507996899571,-0.3951299573650755
ENC,135,6000,2,2,OBJ,OLP,2,0,stimuli/fractals/22c.jpg,0.08165565026504064,-0.1846689285810799,stimuli/fractals/22a.jpg,stimuli/fractals/22c.jpg,stimuli/fractals/22b.jpg,0.08165565026504064,-0.1846689285810799,0.309043406304654,-0.2026316023349762,0.2080040869584214,0.2677152001437965,-0.3511086665522684,0.3816785735483593
ENC,136,3000,2,2,OBJ,OLP,1,2,stimuli/fractals/103a.jpg,-0.2077770806255931,0.3577222055417058,stimuli/fractals/103a.jpg,stimuli/fractals/103b.jpg,stimuli/fractals/103c.jpg,-0.2077770806255931,0.3577222055417058,-0.2571477002880947,-0.1499173971833764,0.03610574608342532,-0.08192507511368258,0.2996391335478684,-0.1063135333490143
ENC,137,4000,2,2,OBJ,OLP,2,0,stimuli/fractals/70a.jpg,-0.1818845385340072,-0.3909227473623039,stimuli/fractals/70c.jpg,stimuli/fractals/70a.jpg,stimuli/fractals/70b.jpg,-0.1818845385340072,-0.3909227473623039,-0.2669632980228602,0.1697443825143881,-0.1375630080870833,0.07890120530934461,0.3888434270994952,-0.1294543450940387
ENC,138,3000,2,2,OBJ,ERP,1,2,stimuli/fractals/153c.jpg,-0.3319578431028579,0.3975778842361987,stimuli/fractals/153c.jpg,stimuli/fractals/153b.jpg,stimuli/fractals/153a.jpg,-0.3319578431028579,0.3975778842361987,-0.3007688068786093,-0.06388670208382674,-0.296752050118636,-0.05685287835571615,0.3282749997433876,0.2634682630113111
ENC,139,7000,2,2,OBJ,OLP,2,0,stimuli/fractals/103b.jpg,-0.2077770806255931,0.3577222055417058,stimuli/fractals/103a.jpg,stimuli/fractals/103b.jpg,stimuli/fractals/103c.jpg,-0.2077770806255931,0.3577222055417058,-0.2571477002880947,-0.1499173971833764,0.03610574608342532,-0.08192507511368258,0.2996391335478684,-0.1063135333490143
ENC,140,6000,2,2,OBJ,ERP,1,2,stimuli/fractals/77a.jpg,-0.04348855837383721,-0.1273435996856742,stimuli/fractals/77a.jpg,stimuli/fractals/77c.jpg,stimuli/fractals/77b.jpg,-0.04348855837383721,-0.1273435996856742,0.09903211272410353,-0.4146563241742319,-0.2553199074848078,-0.1380799944889625,0.3710296412642471,0.3220256568176549
ENC,141,2000,2,2,OBJ,ERP,2,0,stimuli/fractals/153c.jpg,-0.3319578431028579,0.3975778842361987,stimuli/fractals/153c.jpg,stimuli/fractals/153b.jpg,stimuli/fractals/153a.jpg,-0.3319578431028579,0.3975778842361987,-0.3007688068786093,-0.06388670208382674,-0.296752050118636,-0.05685287835571615,0.3282749997433876,0.2634682630113111
ENC,142,3000,2,2,OBJ,OLP,1,6,stimuli/fractals/41b.jpg,-0.3065457010008691,0.1034669750380712,stimuli/fractals/41b.jpg,stimuli/fractals/41c.jpg,stimuli/fractals/41a.jpg,-0.3065457010008691,0.1034669750380712,-0.08552152696599234,0.1493072946482942,-0.1101134661521015,-0.3877025169671088,0.3877026588285198,0.2187157218151198
ENC,143,6000,2,2,OBJ,ERP,2,0,stimuli/fractals/77a.jpg,-0.04348855837383721,-0.1273435996856742,stimuli/fractals/77a.jpg,stimuli/fractals/77c.jpg,stimuli/fractals/77b.jpg,-0.04348855837383721,-0.1273435996856742,0.09903211272410353,-0.4146563241742319,-0.2553199074848078,-0.1380799944889625,0.3710296412642471,0.3220256568176549
ENC,144,2000,2,2,OBJ,OLP,1,1,stimuli/fractals/149b.jpg,-0.1772646077210614,0.3548806381990192,stimuli/fractals/149b.jpg,stimuli/fractals/149c.jpg,stimuli/fractals/149a.jpg,-0.1772646077210614,0.3548806381990192,-0.3550676025409673,-0.1399476782666991,-0.3278730359990429,0.02411349293608396,0.1830466406105166,-0.2034542749593981
ENC,145,1000,2,2,OBJ,OLP,1,6,stimuli/fractals/78c.jpg,-0.3652611280506611,-0.13778247755071,stimuli/fractals/78c.jpg,stimuli/fractals/78a.jpg,stimuli/fractals/78b.jpg,-0.3652611280506611,-0.13778247755071,-0.3294714969134298,0.270397921342678,-0.281919194962331,0.2481324593244336,0.1260267999967581,-0.1921038923380495
ENC,146,2000,2,2,OBJ,OLP,2,0,stimuli/fractals/149c.jpg,-0.1772646077210614,0.3548806381990192,stimuli/fractals/149b.jpg,stimuli/fractals/149c.jpg,stimuli/fractals/149a.jpg,-0.1772646077210614,0.3548806381990192,-0.3550676025409673,-0.1399476782666991,-0.3278730359990429,0.02411349293608396,0.1830466406105166,-0.2034542749593981
ENC,147,1000,2,2,OBJ,OLP,1,2,stimuli/fractals/113a.jpg,-0.05648025742845413,0.04633969236273961,stimuli/fractals/113a.jpg,stimuli/fractals/113b.jpg,stimuli/fractals/113c.jpg,-0.05648025742845413,0.04633969236273961,-0.08640103009786694,-0.3585260735982956,-0.2139601788376162,-0.2820594050596642,0.3902119604600789,-0.3420101794662579
ENC,148,3000,2,2,OBJ,OLP,1,2,stimuli/fractals/127a.jpg,-0.3321034356483488,-0.08909311733188495,stimuli/fractals/127a.jpg,stimuli/fractals/127b.jpg,stimuli/fractals/127c.jpg,-0.3321034356483488,-0.08909311733188495,-0.1229458336418708,-0.3303291317040146,-0.2218730706348631,0.3739086193636788,0.2456786497511356,0.3332842956710497
ENC,149,2000,2,2,OBJ,OLP,2,0,stimuli/fractals/41c.jpg,-0.3065457010008691,0.1034669750380712,stimuli/fractals/41b.jpg,stimuli/fractals/41c.jpg,stimuli/fractals/41a.jpg,-0.3065457010008691,0.1034669750380712,-0.08552152696599234,0.1493072946482942,-0.1101134661521015,-0.3877025169671088,0.3877026588285198,0.2187157218151198
ENC,150,500,2,2,OBJ,OLP,2,0,stimuli/fractals/113b.jpg,-0.05648025742845413,0.04633969236273961,stimuli/fractals/113a.jpg,stimuli/fractals/113b.jpg,stimuli/fractals/113c.jpg,-0.05648025742845413,0.04633969236273961,-0.08640103009786694,-0.3585260735982956,-0.2139601788376162,-0.2820594050596642,0.3902119604600789,-0.3420101794662579
ENC,151,1000,2,2,OBJ,OLP,2,0,stimuli/fractals/127b.jpg,-0.3321034356483488,-0.08909311733188495,stimuli/fractals/127a.jpg,stimuli/fractals/127b.jpg,stimuli/fractals/127c.jpg,-0.3321034356483488,-0.08909311733188495,-0.1229458336418708,-0.3303291317040146,-0.2218730706348631,0.3739086193636788,0.2456786497511356,0.3332842956710497
ENC,152,1000,2,2,OBJ,OLP,2,0,stimuli/fractals/78a.jpg,-0.3652611280506611,-0.13778247755071,stimuli/fractals/78c.jpg,stimuli/fractals/78a.jpg,stimuli/fractals/78b.jpg,-0.3652611280506611,-0.13778247755071,-0.3294714969134298,0.270397921342678,-0.281919194962331,0.2481324593244336,0.1260267999967581,-0.1921038923380495
ENC,153,500,3,3,LOC,LLP,1,6,stimuli/fractals/124c.jpg,-0.3711317612310873,-0.2109971894259166,stimuli/fractals/124c.jpg,stimuli/fractals/124a.jpg,stimuli/fractals/124b.jpg,-0.3711317612310873,-0.2109971894259166,-0.1640780553725994,-0.4048217581726927,-0.1561759375705765,-0.4155741206295928,0.02519809653203033,0.371076550336115
ENC,154,1000,3,3,LOC,ERP,1,1,stimuli/fractals/104b.jpg,0.1788167609335607,-0.1139658356272829,stimuli/fractals/104b.jpg,stimuli/fractals/104c.jpg,stimuli/fractals/104a.jpg,0.1788167609335607,-0.1139658356272829,-0.02373266257291391,-0.4130705105686053,0.05476883961368142,0.363877032311566,-0.243429230658381,0.3325233310481888
ENC,155,8000,3,3,LOC,LLP,1,5,stimuli/fractals/58b.jpg,0.0710643378023241,-0.308499618701393,stimuli/fractals/58b.jpg,stimuli/fractals/58a.jpg,stimuli/fractals/58c.jpg,0.0710643378023241,-0.308499618701393,0.3441435269374002,-0.1057812945448457,-0.01714118060174575,0.2877318250652693,-0.273819267080282,0.2778833676748418
ENC,156,3000,3,3,LOC,ERP,2,0,stimuli/fractals/104b.jpg,0.1788167609335607,-0.1139658356272829,stimuli/fractals/104b.jpg,stimuli/fractals/104c.jpg,stimuli/fractals/104a.jpg,0.1788167609335607,-0.1139658356272829,-0.02373266257291391,-0.4130705105686053,0.05476883961368142,0.363877032311566,-0.243429230658381,0.3325233310481888
ENC,157,2000,3,3,LOC,ERP,1,5,stimuli/fractals/12b.jpg,-0.3367799506258228,-0.2838070930671769,stimuli/fractals/12b.jpg,stimuli/fractals/12a.jpg,stimuli/fractals/12c.jpg,-0.3367799506258228,-0.2838070930671769,-0.3475268596971479,0.1820971146550495,-0.1865919604866151,0.02509656610485694,0.268690106382157,0.3725351316914066
ENC,158,3000,3,3,LOC,LLP,1,3,stimuli/fractals/137a.jpg,-0.1368245237116159,0.01071090827116197,stimuli/fractals/137a.jpg,stimuli/fractals/137c.jpg,stimuli/fractals/137b.jpg,-0.1368245237116159,0.01071090827116197,-0.3273012151881732,0.3601331744729737,-0.3857777387610116,0.2684607742762586,0.3549643614687143,0.2783779675303936
ENC,159,2000,3,3,LOC,ERP,1,4,stimuli/fractals/21c.jpg,0.2461289825069951,-0.3223485654080344,stimuli/fractals/21c.jpg,stimuli/fractals/21a.jpg,stimuli/fractals/21b.jpg,0.2461289825069951,-0.3223485654080344,0.07434839089964349,0.0004778539458106513,0.1862092280956507,0.1400200505715612,-0.3609766793831311,0.327854314704591
ENC,160,1000,3,3,LOC,LLP,2,0,stimuli/fractals/124c.jpg,-0.1640780553725994,-0.4048217581726927,stimuli/fractals/124c.jpg,stimuli/fractals/124a.jpg,stimuli/fractals/124b.jpg,-0.3711317612310873,-0.2109971894259166,-0.1640780553725994,-0.4048217581726927,-0.1561759375705765,-0.4155741206295928,0.02519809653203033,0.371076550336115
ENC,161,3000,3,3,LOC,LLP,2,0,stimuli/fractals/58b.jpg,0.3441435269374002,-0.1057812945448457,stimuli/fractals/58b.jpg,stimuli/fractals/58a.jpg,stimuli/fractals/58c.jpg,0.0710643378023241,-0.308499618701393,0.3441435269374002,-0.1057812945448457,-0.01714118060174575,0.2877318250652693,-0.273819267080282,0.2778833676748418
ENC,162,3000,3,3,LOC,LLP,2,0,stimuli/fractals/137a.jpg,-0.3273012151881732,0.3601331744729737,stimuli/fractals/137a.jpg,stimuli/fractals/137c.jpg,stimuli/fractals/137b.jpg,-0.1368245237116159,0.01071090827116197,-0.3273012151881732,0.3601331744729737,-0.3857777387610116,0.2684607742762586,0.3549643614687143,0.2783779675303936
ENC,163,2000,3,3,LOC,ERP,2,0,stimuli/fractals/12b.jpg,-0.3367799506258228,-0.2838070930671769,stimuli/fractals/12b.jpg,stimuli/fractals/12a.jpg,stimuli/fractals/12c.jpg,-0.3367799506258228,-0.2838070930671769,-0.3475268596971479,0.1820971146550495,-0.1865919604866151,0.02509656610485694,0.268690106382157,0.3725351316914066
ENC,164,4000,3,3,LOC,ERP,2,0,stimuli/fractals/21c.jpg,0.2461289825069951,-0.3223485654080344,stimuli/fractals/21c.jpg,stimuli/fractals/21a.jpg,stimuli/fractals/21b.jpg,0.2461289825069951,-0.3223485654080344,0.07434839089964349,0.0004778539458106513,0.1862092280956507,0.1400200505715612,-0.3609766793831311,0.327854314704591
ENC,165,3000,3,3,LOC,LLP,1,1,stimuli/fractals/101c.jpg,0.2952124171894702,-0.1706803621406781,stimuli/fractals/101c.jpg,stimuli/fractals/101b.jpg,stimuli/fractals/101a.jpg,0.2952124171894702,-0.1706803621406781,0.2815398296399854,0.4161900741567525,0.02489956044804244,-0.03629078382909201,-0.1903602478528086,0.3395663327103953
ENC,166,5000,3,3,LOC,LLP,1,1,stimuli/fractals/125c.jpg,-0.1063320977029115,0.3368678584500602,stimuli/fractals/125c.jpg,stimuli/fractals/125b.jpg,stimuli/fractals/125a.jpg,-0.1063320977029115,0.3368678584500602,-0.2279494641883162,-0.009577880575893972,-0.3675914900705072,-0.05107658709101754,0.3325402254798916,-0.3275588296609591
ENC,167,1000,3,3,LOC,LLP,2,0,stimuli/fractals/101c.jpg,0.2815398296399854,0.4161900741567525,stimuli/fractals/101c.jpg,stimuli/fractals/101b.jpg,stimuli/fractals/101a.jpg,0.2952124171894702,-0.1706803621406781,0.2815398296399854,0.4161900741567525,0.02489956044804244,-0.03629078382909201,-0.1903602478528086,0.3395663327103953
ENC,168,3000,3,3,LOC,LLP,2,0,stimuli/fractals/125c.jpg,-0.2279494641883162,-0.009577880575893972,stimuli/fractals/125c.jpg,stimuli/fractals/125b.jpg,stimuli/fractals/125a.jpg,-0.1063320977029115,0.3368678584500602,-0.2279494641883162,-0.009577880575893972,-0.3675914900705072,-0.05107658709101754,0.3325402254798916,-0.3275588296609591
ENC,169,6000,3,3,LOC,BL,0,0,stimuli/fractals/5c.jpg,-0.1520490145401148,0.4021254249749862,stimuli/fractals/5c.jpg,stimuli/fractals/5b.jpg,stimuli/fractals/5a.jpg,-0.1520490145401148,0.4021254249749862,0.1502268245518335,0.04468739188418927,0.06894345071999056,0.2945845306996054,-0.3168507996899571,-0.3951299573650755
ENC,170,2000,3,3,LOC,LLP,1,3,stimuli/fractals/81b.jpg,0.13217656014057,0.2886203683223689,stimuli/fractals/81b.jpg,stimuli/fractals/81a.jpg,stimuli/fractals/81c.jpg,0.13217656014057,0.2886203683223689,0.3238368299115457,-0.1678682195798941,0.09619520023773624,-0.109385633461641,-0.2602089746357405,-0.3782404306537862
ENC,171,3000,3,3,LOC,LLP,1,4,stimuli/fractals/14b.jpg,0.3377238788743005,-0.2524320955747665,stimuli/fractals/14b.jpg,stimuli/fractals/14c.jpg,stimuli/fractals/14a.jpg,0.3377238788743005,-0.2524320955747665,0.2956491246321579,0.211365314590799,0.0007964346329240257,-0.07919650406609623,-0.3550598070708741,-0.02439185299380732
ENC,172,2000,3,3,LOC,ERP,1,4,stimuli/fractals/23c.jpg,-0.01094062954084235,0.07302798291947842,stimuli/fractals/23c.jpg,stimuli/fractals/23a.jpg,stimuli/fractals/23b.jpg,-0.01094062954084235,0.07302798291947842,-0.1654033171292565,-0.3744171111653266,-0.3475284378359855,0.1439672159785059,0.3791915245291766,-0.4163496324451043
ENC,173,1000,3,3,LOC,ERP,1,6,stimuli/fractals/144b.jpg,0.1230886943518496,-0.2155955814743662,stimuli/fractals/144b.jpg,stimuli/fractals/144c.jpg,stimuli/fractals/144a.jpg,0.1230886943518496,-0.2155955814743662,0.2891189013946145,0.09250681699792046,0.2429138521871233,0.1309430649019474,-0.2230406587230692,0.3777418230820733
ENC,174,1000,3,3,LOC,LLP,2,0,stimuli/fractals/81b.jpg,0.3238368299115457,-0.1678682195798941,stimuli/fractals/81b.jpg,stimuli/fractals/81a.jpg,stimuli/fractals/81c.jpg,0.13217656014057,0.2886203683223689,0.3238368299115457,-0.1678682195798941,0.09619520023773624,-0.109385633461641,-0.2602089746357405,-0.3782404306537862
ENC,175,3000,3,3,LOC,ERP,1,5,stimuli/fractals/9c.jpg,-0.3326342325281421,-0.02218511908864758,stimuli/fractals/9c.jpg,stimuli/fractals/9a.jpg,stimuli/fractals/9b.jpg,-0.3326342325281421,-0.02218511908864758,-0.2334973889823008,0.4111374864272652,-0.01888204391250709,-0.02981688089747449,0.2166766213782494,0.05028722721416085
ENC,176,1000,3,3,LOC,LLP,2,0,stimuli/fractals/14b.jpg,0.2956491246321579,0.211365314590799,stimuli/fractals/14b.jpg,stimuli/fractals/14c.jpg,stimuli/fractals/14a.jpg,0.3377238788743005,-0.2524320955747665,0.2956491246321579,0.211365314590799,0.0007964346329240257,-0.07919650406609623,-0.3550598070708741,-0.02439185299380732
ENC,177,7000,3,3,LOC,ERP,2,0,stimuli/fractals/23c.jpg,-0.01094062954084235,0.07302798291947842,stimuli/fractals/23c.jpg,stimuli/fractals/23a.jpg,stimuli/fractals/23b.jpg,-0.01094062954084235,0.07302798291947842,-0.1654033171292565,-0.3744171111653266,-0.3475284378359855,0.1439672159785059,0.3791915245291766,-0.4163496324451043
ENC,178,4000,3,3,LOC,LLP,1,3,stimuli/fractals/91a.jpg,-0.3026866600633665,-0.1401808526729932,stimuli/fractals/91a.jpg,stimuli/fractals/91b.jpg,stimuli/fractals/91c.jpg,-0.3026866600633665,-0.1401808526729932,-0.2590563892914168,0.2332047983513616,-0.2604647745584686,0.2264370094026537,0.3697870502193607,0.3933301878081901
ENC,179,3000,3,3,LOC,ERP,1,5,stimuli/fractals/16b.jpg,0.0636124652995519,0.08890050730722028,stimuli/fractals/16b.jpg,stimuli/fractals/16a.jpg,stimuli/fractals/16c.jpg,0.0636124652995519,0.08890050730722028,0.3158095142033074,0.02630943953480261,0.2727208260044759,0.3758136257754485,-0.3717759933278622,-0.2639326741677261
ENC,180,3000,3,3,LOC,ERP,2,0,stimuli/fractals/144b.jpg,0.1230886943518496,-0.2155955814743662,stimuli/fractals/144b.jpg,stimuli/fractals/144c.jpg,stimuli/fractals/144a.jpg,0.1230886943518496,-0.2155955814743662,0.2891189013946145,0.09250681699792046,0.2429138521871233,0.1309430649019474,-0.2230406587230692,0.3777418230820733
ENC,181,2000,3,3,LOC,ERP,2,0,stimuli/fractals/9c.jpg,-0.3326342325281421,-0.02218511908864758,stimuli/fractals/9c.jpg,stimuli/fractals/9a.jpg,stimuli/fractals/9b.jpg,-0.3326342325281421,-0.02218511908864758,-0.2334973889823008,0.4111374864272652,-0.01888204391250709,-0.02981688089747449,0.2166766213782494,0.05028722721416085
ENC,182,4000,3,3,LOC,LLP,2,0,stimuli/fractals/91a.jpg,-0.2590563892914168,0.2332047983513616,stimuli/fractals/91a.jpg,stimuli/fractals/91b.jpg,stimuli/fractals/91c.jpg,-0.3026866600633665,-0.1401808526729932,-0.2590563892914168,0.2332047983513616,-0.2604647745584686,0.2264370094026537,0.3697870502193607,0.3933301878081901
ENC,183,1000,3,3,LOC,ERP,1,6,stimuli/fractals/76a.jpg,-0.05677377672162649,0.1823366855342052,stimuli/fractals/76a.jpg,stimuli/fractals/76b.jpg,stimuli/fractals/76c.jpg,-0.05677377672162649,0.1823366855342052,-0.3060936413176085,-0.04685032086210351,0.2977935680056113,0.2411709053160498,0.3568860007614252,-0.3940323506510546
ENC,184,1000,3,3,LOC,LLP,1,1,stimuli/fractals/86b.jpg,0.2806005143887281,-0.1793601711466556,stimuli/fractals/86b.jpg,stimuli/fractals/86c.jpg,stimuli/fractals/86a.jpg,0.2806005143887281,-0.1793601711466556,0.1786390662589126,0.1816537496888245,0.03989688296540048,-0.2249655832178214,-0.3253575464405786,0.1066730765655542
ENC,185,1000,3,3,LOC,ERP,2,0,stimuli/fractals/16b.jpg,0.0636124652995519,0.08890050730722028,stimuli/fractals/16b.jpg,stimuli/fractals/16a.jpg,stimuli/fractals/16c.jpg,0.0636124652995519,0.08890050730722028,0.3158095142033074,0.02630943953480261,0.2727208260044759,0.3758136257754485,-0.3717759933278622,-0.2639326741677261
ENC,186,6000,3,3,LOC,LLP,2,0,stimuli/fractals/86b.jpg,0.1786390662589126,0.1816537496888245,stimuli/fractals/86b.jpg,stimuli/fractals/86c.jpg,stimuli/fractals/86a.jpg,0.2806005143887281,-0.1793601711466556,0.1786390662589126,0.1816537496888245,0.03989688296540048,-0.2249655832178214,-0.3253575464405786,0.1066730765655542
ENC,187,2000,3,3,LOC,LLP,1,1,stimuli/fractals/99a.jpg,-0.1538744950878141,0.3740128286718289,stimuli/fractals/99a.jpg,stimuli/fractals/99b.jpg,stimuli/fractals/99c.jpg,-0.1538744950878141,0.3740128286718289,-0.2401919851116283,-0.1793159460225992,-0.1794431467216571,-0.02094421816077267,0.2585408986536807,-0.02788794442425658
ENC,188,500,3,3,LOC,LLP,1,2,stimuli/fractals/27c.jpg,0.3216918031180683,0.2712117201406945,stimuli/fractals/27c.jpg,stimuli/fractals/27a.jpg,stimuli/fractals/27b.jpg,0.3216918031180683,0.2712117201406945,0.352613998504012,-0.2290814070845459,0.1208185939520964,0.1521243613175609,-0.3890063064763142,-0.04393833883744667
ENC,189,1000,3,3,LOC,LLP,2,0,stimuli/fractals/99a.jpg,-0.2401919851116283,-0.1793159460225992,stimuli/fractals/99a.jpg,stimuli/fractals/99b.jpg,stimuli/fractals/99c.jpg,-0.1538744950878141,0.3740128286718289,-0.2401919851116283,-0.1793159460225992,-0.1794431467216571,-0.02094421816077267,0.2585408986536807,-0.02788794442425658
ENC,190,5000,3,3,LOC,ERP,2,0,stimuli/fractals/76a.jpg,-0.05677377672162649,0.1823366855342052,stimuli/fractals/76a.jpg,stimuli/fractals/76b.jpg,stimuli/fractals/76c.jpg,-0.05677377672162649,0.1823366855342052,-0.3060936413176085,-0.04685032086210351,0.2977935680056113,0.2411709053160498,0.3568860007614252,-0.3940323506510546
ENC,191,2000,3,3,LOC,LLP,2,0,stimuli/fractals/27c.jpg,0.352613998504012,-0.2290814070845459,stimuli/fractals/27c.jpg,stimuli/fractals/27a.jpg,stimuli/fractals/27b.jpg,0.3216918031180683,0.2712117201406945,0.352613998504012,-0.2290814070845459,0.1208185939520964,0.1521243613175609,-0.3890063064763142,-0.04393833883744667
ENC,192,5000,3,3,LOC,LLP,1,1,stimuli/fractals/7c.jpg,-0.1598649383963608,-0.2236912919800567,stimuli/fractals/7c.jpg,stimuli/fractals/7b.jpg,stimuli/fractals/7a.jpg,-0.1598649383963608,-0.2236912919800567,-0.2498838031515105,0.3645386169475204,-0.3630756789268348,-0.1361809464187548,0.3151090478939429,0.1368037273264661
ENC,193,6000,3,3,LOC,LLP,1,2,stimuli/fractals/159a.jpg,-0.1855371478651036,0.179421633785601,stimuli/fractals/159a.jpg,stimuli/fractals/159b.jpg,stimuli/fractals/159c.jpg,-0.1855371478651036,0.179421633785601,-0.3017357766457404,-0.2933232551683601,0.03403849585478381,0.3077140116441906,0.2869918556283809,0.1953893927959674
ENC,194,2000,3,3,LOC,LLP,2,0,stimuli/fractals/7c.jpg,-0.2498838031515105,0.3645386169475204,stimuli/fractals/7c.jpg,stimuli/fractals/7b.jpg,stimuli/fractals/7a.jpg,-0.1598649383963608,-0.2236912919800567,-0.2498838031515105,0.3645386169475204,-0.3630756789268348,-0.1361809464187548,0.3151090478939429,0.1368037273264661
ENC,195,2000,3,3,LOC,LLP,1,2,stimuli/fractals/11b.jpg,-0.2790802146977274,-0.147439580100528,stimuli/fractals/11b.jpg,stimuli/fractals/11c.jpg,stimuli/fractals/11a.jpg,-0.2790802146977274,-0.147439580100528,-0.2445704458487307,0.3234724234837367,-0.007080138655568528,-0.1325657292140471,0.3020925616285995,0.1702513902498619
ENC,196,2000,3,3,LOC,LLP,2,0,stimuli/fractals/159a.jpg,-0.3017357766457404,-0.2933232551683601,stimuli/fractals/159a.jpg,stimuli/fractals/159b.jpg,stimuli/fractals/159c.jpg,-0.1855371478651036,0.179421633785601,-0.3017357766457404,-0.2933232551683601,0.03403849585478381,0.3077140116441906,0.2869918556283809,0.1953893927959674
ENC,197,2000,3,3,LOC,ERP,1,6,stimuli/fractals/4c.jpg,0.3074619500776419,0.3578162757400699,stimuli/fractals/4c.jpg,stimuli/fractals/4a.jpg,stimuli/fractals/4b.jpg,0.3074619500776419,0.3578162757400699,0.2071545546574034,-0.1075740140009261,0.1682393547636303,0.02953325496380783,-0.3226757533740706,-0.324431371245251
ENC,198,1000,3,3,LOC,LLP,2,0,stimuli/fractals/11b.jpg,-0.2445704458487307,0.3234724234837367,stimuli/fractals/11b.jpg,stimuli/fractals/11c.jpg,stimuli/fractals/11a.jpg,-0.2790802146977274,-0.147439580100528,-0.2445704458487307,0.3234724234837367,-0.007080138655568528,-0.1325657292140471,0.3020925616285995,0.1702513902498619
ENC,199,1000,3,3,LOC,LLP,1,3,stimuli/fractals/116b.jpg,0.2173408042859662,-0.3503325211180511,stimuli/fractals/116b.jpg,stimuli/fractals/116c.jpg,stimuli/fractals/116a.jpg,0.2173408042859662,-0.3503325211180511,0.3579831762491073,0.1893201914352751,-0.01005986104875885,-0.1676970608981162,-0.1223186189872684,0.3420299214278335
ENC,200,1000,3,3,LOC,ERP,1,5,stimuli/fractals/96b.jpg,0.05704291609939786,0.3490686980573739,stimuli/fractals/96b.jpg,stimuli/fractals/96a.jpg,stimuli/fractals/96c.jpg,0.05704291609939786,0.3490686980573739,0.3092169523592722,0.2936483952883664,-0.1161869288480954,-0.09758526432847027,-0.3315701468943931,-0.3219250979993462
ENC,201,4000,3,3,LOC,LLP,1,3,stimuli/fractals/158c.jpg,0.2497371477079874,0.1780922258773215,stimuli/fractals/158c.jpg,stimuli/fractals/158a.jpg,stimuli/fractals/158b.jpg,0.2497371477079874,0.1780922258773215,0.3782069709701258,-0.2370521796519529,0.3441794793366836,-0.1615052039083431,-0.2739247270608012,0.408479385876359
ENC,202,2000,3,3,LOC,LLP,1,4,stimuli/fractals/162b.jpg,0.01804374715849774,0.01759450673761467,stimuli/fractals/162b.jpg,stimuli/fractals/162a.jpg,stimuli/fractals/162c.jpg,0.01804374715849774,0.01759450673761467,0.2218508508101751,-0.3751743208604994,-0.1466137172732756,-0.3551948494100975,-0.3889045338098815,-0.3961511122762438
ENC,203,2000,3,3,LOC,LLP,2,0,stimuli/fractals/116b.jpg,0.3579831762491073,0.1893201914352751,stimuli/fractals/116b.jpg,stimuli/fractals/116c.jpg,stimuli/fractals/116a.jpg,0.2173408042859662,-0.3503325211180511,0.3579831762491073,0.1893201914352751,-0.01005986104875885,-0.1676970608981162,-0.1223186189872684,0.3420299214278335
ENC,204,3000,3,3,LOC,ERP,2,0,stimuli/fractals/4c.jpg,0.3074619500776419,0.3578162757400699,stimuli/fractals/4c.jpg,stimuli/fractals/4a.jpg,stimuli/fractals/4b.jpg,0.3074619500776419,0.3578162757400699,0.2071545546574034,-0.1075740140009261,0.1682393547636303,0.02953325496380783,-0.3226757533740706,-0.324431371245251
ENC,205,3000,3,3,LOC,LLP,2,0,stimuli/fractals/158c.jpg,0.3782069709701258,-0.2370521796519529,stimuli/fractals/158c.jpg,stimuli/fractals/158a.jpg,stimuli/fractals/158b.jpg,0.2497371477079874,0.1780922258773215,0.3782069709701258,-0.2370521796519529,0.3441794793366836,-0.1615052039083431,-0.2739247270608012,0.408479385876359
ENC,206,5000,3,3,LOC,ERP,2,0,stimuli/fractals/96b.jpg,0.05704291609939786,0.3490686980573739,stimuli/fractals/96b.jpg,stimuli/fractals/96a.jpg,stimuli/fractals/96c.jpg,0.05704291609939786,0.3490686980573739,0.3092169523592722,0.2936483952883664,-0.1161869288480954,-0.09758526432847027,-0.3315701468943931,-0.3219250979993462
ENC,207,1000,3,3,LOC,LLP,2,0,stimuli/fractals/162b.jpg,0.2218508508101751,-0.3751743208604994,stimuli/fractals/162b.jpg,stimuli/fractals/162a.jpg,stimuli/fractals/162c.jpg,0.01804374715849774,0.01759450673761467,0.2218508508101751,-0.3751743208604994,-0.1466137172732756,-0.3551948494100975,-0.3889045338098815,-0.3961511122762438
ENC,208,1000,3,3,LOC,LLP,1,2,stimuli/fractals/72b.jpg,0.1970476018235059,-0.04276053088916933,stimuli/fractals/72b.jpg,stimuli/fractals/72a.jpg,stimuli/fractals/72c.jpg,0.1970476018235059,-0.04276053088916933,0.1729399008482037,0.3989294525626482,-0.1211731640433062,0.2075546781863735,-0.3684104024358434,-0.147116774655966
ENC,209,1000,3,3,LOC,LLP,1,4,stimuli/fractals/88c.jpg,-0.1535564604884128,0.2208825192809258,stimuli/fractals/88c.jpg,stimuli/fractals/88b.jpg,stimuli/fractals/88a.jpg,-0.1535564604884128,0.2208825192809258,-0.1729801870300092,-0.2142040184024134,-0.1167050921131254,-0.4123591421576658,0.3632352444018788,0.2870150415862244
ENC,210,2000,3,3,LOC,LLP,1,6,stimuli/fractals/19b.jpg,-0.1586005641653804,-0.1650752242881529,stimuli/fractals/19b.jpg,stimuli/fractals/19a.jpg,stimuli/fractals/19c.jpg,-0.1586005641653804,-0.1650752242881529,-0.3743390728272012,0.276687877765705,-0.04063733713267599,0.3758294869621228,0.3414322438245115,0.3956369294948514
ENC,211,8000,3,3,LOC,LLP,2,0,stimuli/fractals/72b.jpg,0.1729399008482037,0.3989294525626482,stimuli/fractals/72b.jpg,stimuli/fractals/72a.jpg,stimuli/fractals/72c.jpg,0.1970476018235059,-0.04276053088916933,0.1729399008482037,0.3989294525626482,-0.1211731640433062,0.2075546781863735,-0.3684104024358434,-0.147116774655966
ENC,212,4000,3,3,LOC,LLP,1,6,stimuli/fractals/123c.jpg,-0.2164568127979148,0.178754453073886,stimuli/fractals/123c.jpg,stimuli/fractals/123a.jpg,stimuli/fractals/123b.jpg,-0.2164568127979148,0.178754453073886,-0.05372984376279687,-0.3743656737609483,0.06615927270614244,0.1465272219228109,0.293384953224124,0.3232330706649104
ENC,213,1000,3,3,LOC,BL,0,0,stimuli/fractals/5c.jpg,-0.1520490145401148,0.4021254249749862,stimuli/fractals/5c.jpg,stimuli/fractals/5b.jpg,stimuli/fractals/5a.jpg,-0.1520490145401148,0.4021254249749862,0.1502268245518335,0.04468739188418927,0.06894345071999056,0.2945845306996054,-0.3168507996899571,-0.3951299573650755
ENC,214,6000,3,3,LOC,LLP,2,0,stimuli/fractals/88c.jpg,0.1502268245518335,0.04468739188418927,stimuli/fractals/88c.jpg,stimuli/fractals/88b.jpg,stimuli/fractals/88a.jpg,-0.1520490145401148,0.4021254249749862,0.1502268245518335,0.04468739188418927,0.06894345071999056,0.2945845306996054,-0.3168507996899571,-0.3951299573650755
ENC,215,2000,3,3,LOC,LLP,1,4,stimuli/fractals/148a.jpg,0.267079813784205,0.254936453364674,stimuli/fractals/148a.jpg,stimuli/fractals/148b.jpg,stimuli/fractals/148c.jpg,0.267079813784205,0.254936453364674,0.2924124699897534,-0.3752629031882662,0.2651361975994584,-0.2478457261558149,-0.165693818727808,-0.1220865834835802
ENC,216,2000,3,3,LOC,LLP,1,5,stimuli/fractals/85c.jpg,-0.1151397486831962,-0.137121558027086,stimuli/fractals/85c.jpg,stimuli/fractals/85a.jpg,stimuli/fractals/85b.jpg,-0.1151397486831962,-0.137121558027086,-0.3363223961659842,0.1832894330933077,0.1721503579779551,-0.3092940280932163,0.3492438471116526,0.4093478723145185
ENC,217,2000,3,3,LOC,LLP,2,0,stimuli/fractals/19b.jpg,-0.3743390728272012,0.276687877765705,stimuli/fractals/19b.jpg,stimuli/fractals/19a.jpg,stimuli/fractals/19c.jpg,-0.1586005641653804,-0.1650752242881529,-0.3743390728272012,0.276687877765705,-0.04063733713267599,0.3758294869621228,0.3414322438245115,0.3956369294948514
ENC,218,1000,3,3,LOC,BL,0,0,stimuli/fractals/5c.jpg,-0.1520490145401148,0.4021254249749862,stimuli/fractals/5c.jpg,stimuli/fractals/5b.jpg,stimuli/fractals/5a.jpg,-0.1520490145401148,0.4021254249749862,0.1502268245518335,0.04468739188418927,0.06894345071999056,0.2945845306996054,-0.3168507996899571,-0.3951299573650755
ENC,219,5000,3,3,LOC,LLP,2,0,stimuli/fractals/123c.jpg,0.1502268245518335,0.04468739188418927,stimuli/fractals/123c.jpg,stimuli/fractals/123a.jpg,stimuli/fractals/123b.jpg,-0.1520490145401148,0.4021254249749862,0.1502268245518335,0.04468739188418927,0.06894345071999056,0.2945845306996054,-0.3168507996899571,-0.3951299573650755
ENC,220,1000,3,3,LOC,LLP,2,0,stimuli/fractals/148a.jpg,0.2924124699897534,-0.3752629031882662,stimuli/fractals/148a.jpg,stimuli/fractals/148b.jpg,stimuli/fractals/148c.jpg,0.267079813784205,0.254936453364674,0.2924124699897534,-0.3752629031882662,0.2651361975994584,-0.2478457261558149,-0.165693818727808,-0.1220865834835802
ENC,221,7000,3,3,LOC,ERP,1,2,stimuli/fractals/112b.jpg,-0.1731583795528171,0.1429096725796368,stimuli/fractals/112b.jpg,stimuli/fractals/112c.jpg,stimuli/fractals/112a.jpg,-0.1731583795528171,0.1429096725796368,-0.2672117381432466,-0.2503287555040008,-0.2167223230602607,-0.3264438518090144,0.3499268925032205,-0.3630066645119708
ENC,222,500,3,3,LOC,LLP,2,0,stimuli/fractals/85c.jpg,-0.3363223961659842,0.1832894330933077,stimuli/fractals/85c.jpg,stimuli/fractals/85a.jpg,stimuli/fractals/85b.jpg,-0.1151397486831962,-0.137121558027086,-0.3363223961659842,0.1832894330933077,0.1721503579779551,-0.3092940280932163,0.3492438471116526,0.4093478723145185
ENC,223,1000,3,3,LOC,LLP,1,3,stimuli/fractals/134c.jpg,0.01804594392348247,-0.2510392522868563,stimuli/fractals/134c.jpg,stimuli/fractals/134a.jpg,stimuli/fractals/134b.jpg,0.01804594392348247,-0.2510392522868563,0.2979683368139291,-0.0170560466329648,0.006963046146976915,0.2088421635590938,-0.3711776482743679,0.3944636726753479
ENC,224,2000,3,3,LOC,ERP,2,0,stimuli/fractals/112b.jpg,-0.1731583795528171,0.1429096725796368,stimuli/fractals/112b.jpg,stimuli/fractals/112c.jpg,stimuli/fractals/112a.jpg,-0.1731583795528171,0.1429096725796368,-0.2672117381432466,-0.2503287555040008,-0.2167223230602607,-0.3264438518090144,0.3499268925032205,-0.3630066645119708
ENC,225,5000,3,3,LOC,ERP,1,2,stimuli/fractals/146c.jpg,0.06163934303645587,0.2330459060803189,stimuli/fractals/146c.jpg,stimuli/fractals/146b.jpg,stimuli/fractals/146a.jpg,0.06163934303645587,0.2330459060803189,0.2447338053050315,-0.09411444647331421,-0.1523216038278825,-0.2534977112221423,-0.3573118566353876,-0.3783803353853059
ENC,226,2000,3,3,LOC,BL,0,0,stimuli/fractals/5c.jpg,-0.1520490145401148,0.4021254249749862,stimuli/fractals/5c.jpg,stimuli/fractals/5b.jpg,stimuli/fractals/5a.jpg,-0.1520490145401148,0.4021254249749862,0.1502268245518335,0.04468739188418927,0.06894345071999056,0.2945845306996054,-0.3168507996899571,-0.3951299573650755
ENC,227,6000,3,3,LOC,LLP,2,0,stimuli/fractals/134c.jpg,0.1502268245518335,0.04468739188418927,stimuli/fractals/134c.jpg,stimuli/fractals/134a.jpg,stimuli/fractals/134b.jpg,-0.1520490145401148,0.4021254249749862,0.1502268245518335,0.04468739188418927,0.06894345071999056,0.2945845306996054,-0.3168507996899571,-0.3951299573650755
ENC,228,1000,3,3,LOC,ERP,2,0,stimuli/fractals/146c.jpg,0.06163934303645587,0.2330459060803189,stimuli/fractals/146c.jpg,stimuli/fractals/146b.jpg,stimuli/fractals/146a.jpg,0.06163934303645587,0.2330459060803189,0.2447338053050315,-0.09411444647331421,-0.1523216038278825,-0.2534977112221423,-0.3573118566353876,-0.3783803353853059
ENC,229,3000,4,4,LOC,ERP,1,6,stimuli/fractals/2b.jpg,0.2954936865134814,-0.1587939532520284,stimuli/fractals/2b.jpg,stimuli/fractals/2c.jpg,stimuli/fractals/2a.jpg,0.2954936865134814,-0.1587939532520284,0.2710188292386508,0.2098531057109887,0.03153801381983901,-0.1835182558686527,-0.2177439293386927,0.3332446042229217
ENC,230,1000,4,4,LOC,ERP,1,4,stimuli/fractals/169a.jpg,-0.1186471025920428,0.1188332468952374,stimuli/fractals/169a.jpg,stimuli/fractals/169b.jpg,stimuli/fractals/169c.jpg,-0.1186471025920428,0.1188332468952374,-0.3152034227978005,-0.1895857965227197,0.05470947449540896,-0.2928305047331466,0.3649961819674024,0.1444700346396911
ENC,231,4000,4,4,LOC,LLP,1,5,stimuli/fractals/42a.jpg,0.1669441018561676,0.3366732753986939,stimuli/fractals/42a.jpg,stimuli/fractals/42c.jpg,stimuli/fractals/42b.jpg,0.1669441018561676,0.3366732753986939,0.3634969022469451,-0.02030225241166429,0.1033120576415583,-0.09187510734634612,-0.1484542646588235,-0.3619360482869247
ENC,232,1000,4,4,LOC,ERP,1,1,stimuli/fractals/107b.jpg,0.1146163273036805,0.3206317841539644,stimuli/fractals/107b.jpg,stimuli/fractals/107c.jpg,stimuli/fractals/107a.jpg,0.1146163273036805,0.3206317841539644,0.3642782225982356,0.03927704419418963,-0.1823874203207309,0.1312776412940132,-0.2598005090987022,-0.3495467832571912
ENC,233,500,4,4,LOC,LLP,1,6,stimuli/fractals/8b.jpg,0.3754804672452312,0.386125658289454,stimuli/fractals/8b.jpg,stimuli/fractals/8c.jpg,stimuli/fractals/8a.jpg,0.3754804672452312,0.386125658289454,0.14743166843243,0.04042333369057895,0.1748161241492599,0.1602491113648001,-0.2712635165632734,-0.3761755577199958
ENC,234,1000,4,4,LOC,ERP,2,0,stimuli/fractals/107b.jpg,0.1146163273036805,0.3206317841539644,stimuli/fractals/107b.jpg,stimuli/fractals/107c.jpg,stimuli/fractals/107a.jpg,0.1146163273036805,0.3206317841539644,0.3642782225982356,0.03927704419418963,-0.1823874203207309,0.1312776412940132,-0.2598005090987022,-0.3495467832571912
ENC,235,3000,4,4,LOC,ERP,2,0,stimuli/fractals/169a.jpg,-0.1186471025920428,0.1188332468952374,stimuli/fractals/169a.jpg,stimuli/fractals/169b.jpg,stimuli/fractals/169c.jpg,-0.1186471025920428,0.1188332468952374,-0.3152034227978005,-0.1895857965227197,0.05470947449540896,-0.2928305047331466,0.3649961819674024,0.1444700346396911
ENC,236,2000,4,4,LOC,ERP,2,0,stimuli/fractals/2b.jpg,0.2954936865134814,-0.1587939532520284,stimuli/fractals/2b.jpg,stimuli/fractals/2c.jpg,stimuli/fractals/2a.jpg,0.2954936865134814,-0.1587939532520284,0.2710188292386508,0.2098531057109887,0.03153801381983901,-0.1835182558686527,-0.2177439293386927,0.3332446042229217
ENC,237,2000,4,4,LOC,LLP,2,0,stimuli/fractals/42a.jpg,0.3634969022469451,-0.02030225241166429,stimuli/fractals/42a.jpg,stimuli/fractals/42c.jpg,stimuli/fractals/42b.jpg,0.1669441018561676,0.3366732753986939,0.3634969022469451,-0.02030225241166429,0.1033120576415583,-0.09187510734634612,-0.1484542646588235,-0.3619360482869247
ENC,238,3000,4,4,LOC,BL,0,0,stimuli/fractals/5c.jpg,-0.1520490145401148,0.4021254249749862,stimuli/fractals/5c.jpg,stimuli/fractals/5b.jpg,stimuli/fractals/5a.jpg,-0.1520490145401148,0.4021254249749862,0.1502268245518335,0.04468739188418927,0.06894345071999056,0.2945845306996054,-0.3168507996899571,-0.3951299573650755
ENC,239,1000,4,4,LOC,ERP,1,3,stimuli/fractals/157b.jpg,0.3551829164018823,-0.3697025330314388,stimuli/fractals/157b.jpg,stimuli/fractals/157a.jpg,stimuli/fractals/157c.jpg,0.3551829164018823,-0.3697025330314388,0.3327484067999912,0.07565740840604704,0.1152373086864621,-0.02400442561436309,-0.1518972354259347,0.2834008420458198
ENC,240,3000,4,4,LOC,LLP,2,0,stimuli/fractals/8b.jpg,0.14743166843243,0.04042333369057895,stimuli/fractals/8b.jpg,stimuli/fractals/8c.jpg,stimuli/fractals/8a.jpg,0.3754804672452312,0.386125658289454,0.14743166843243,0.04042333369057895,0.1748161241492599,0.1602491113648001,-0.2712635165632734,-0.3761755577199958
ENC,241,2000,4,4,LOC,LLP,1,3,stimuli/fractals/94b.jpg,0.238550053793478,0.2141203103266307,stimuli/fractals/94b.jpg,stimuli/fractals/94c.jpg,stimuli/fractals/94a.jpg,0.238550053793478,0.2141203103266307,0.3160665214795665,-0.1374698377790496,-0.1053701253325224,0.1245635517298089,-0.3360972378908162,0.07610961196402286
ENC,242,1000,4,4,LOC,BL,0,0,stimuli/fractals/5c.jpg,-0.1520490145401148,0.4021254249749862,stimuli/fractals/5c.jpg,stimuli/fractals/5b.jpg,stimuli/fractals/5a.jpg,-0.1520490145401148,0.4021254249749862,0.1502268245518335,0.04468739188418927,0.06894345071999056,0.2945845306996054,-0.3168507996899571,-0.3951299573650755
ENC,243,1000,4,4,LOC,ERP,2,0,stimuli/fractals/157b.jpg,-0.1520490145401148,0.4021254249749862,stimuli/fractals/157b.jpg,stimuli/fractals/157a.jpg,stimuli/fractals/157c.jpg,-0.1520490145401148,0.4021254249749862,0.1502268245518335,0.04468739188418927,0.06894345071999056,0.2945845306996054,-0.3168507996899571,-0.3951299573650755
ENC,244,1000,4,4,LOC,LLP,1,4,stimuli/fractals/26a.jpg,0.1583263927012127,0.1649554619102828,stimuli/fractals/26a.jpg,stimuli/fractals/26b.jpg,stimuli/fractals/26c.jpg,0.1583263927012127,0.1649554619102828,0.09602787634637634,-0.207599262073748,0.2429635723627243,-0.1856821103452238,-0.3797198100095843,-0.2554002969927612
ENC,245,3000,4,4,LOC,LLP,2,0,stimuli/fractals/94b.jpg,0.3160665214795665,-0.1374698377790496,stimuli/fractals/94b.jpg,stimuli/fractals/94c.jpg,stimuli/fractals/94a.jpg,0.238550053793478,0.2141203103266307,0.3160665214795665,-0.1374698377790496,-0.1053701253325224,0.1245635517298089,-0.3360972378908162,0.07610961196402286
ENC,246,3000,4,4,LOC,LLP,1,1,stimuli/fractals/89b.jpg,0.3592753603789487,-0.09390328850229926,stimuli/fractals/89b.jpg,stimuli/fractals/89c.jpg,stimuli/fractals/89a.jpg,0.3592753603789487,-0.09390328850229926,0.3006493472177774,0.3591666019471504,0.1561332679396275,0.3758528244133648,-0.2451231741640089,-0.0689254778676243
ENC,247,6000,4,4,LOC,ERP,1,5,stimuli/fractals/54b.jpg,-0.2373138186471074,0.28498564955766,stimuli/fractals/54b.jpg,stimuli/fractals/54a.jpg,stimuli/fractals/54c.jpg,-0.2373138186471074,0.28498564955766,-0.2984625338792267,-0.2729056064375168,0.006436382938113224,0.4041581092746825,0.3318507934887953,0.02688015702741385
ENC,248,2000,4,4,LOC,LLP,2,0,stimuli/fractals/89b.jpg,0.3006493472177774,0.3591666019471504,stimuli/fractals/89b.jpg,stimuli/fractals/89c.jpg,stimuli/fractals/89a.jpg,0.3592753603789487,-0.09390328850229926,0.3006493472177774,0.3591666019471504,0.1561332679396275,0.3758528244133648,-0.2451231741640089,-0.0689254778676243
ENC,249,3000,4,4,LOC,LLP,2,0,stimuli/fractals/26a.jpg,0.09602787634637634,-0.207599262073748,stimuli/fractals/26a.jpg,stimuli/fractals/26b.jpg,stimuli/fractals/26c.jpg,0.1583263927012127,0.1649554619102828,0.09602787634637634,-0.207599262073748,0.2429635723627243,-0.1856821103452238,-0.3797198100095843,-0.2554002969927612
ENC,250,3000,4,4,LOC,BL,0,0,stimuli/fractals/5c.jpg,-0.1520490145401148,0.4021254249749862,stimuli/fractals/5c.jpg,stimuli/fractals/5b.jpg,stimuli/fractals/5a.jpg,-0.1520490145401148,0.4021254249749862,0.1502268245518335,0.04468739188418927,0.06894345071999056,0.2945845306996054,-0.3168507996899571,-0.3951299573650755
ENC,251,1000,4,4,LOC,ERP,1,5,stimuli/fractals/90a.jpg,-0.04046550496663866,-0.1741468827272508,stimuli/fractals/90a.jpg,stimuli/fractals/90c.jpg,stimuli/fractals/90b.jpg,-0.04046550496663866,-0.1741468827272508,-0.1082773103763919,0.3180532302303658,0.0568698114428073,0.1534839915925589,0.3763382630648361,0.2164841155692424
ENC,252,2000,4,4,LOC,ERP,1,5,stimuli/fractals/115c.jpg,0.07587726053602158,0.07585632879076659,stimuli/fractals/115c.jpg,stimuli/fractals/115b.jpg,stimuli/fractals/115a.jpg,0.07587726053602158,0.07585632879076659,0.334985433336805,0.2063436035777038,0.2971828787878775,0.3247565923919311,-0.361997205880974,-0.3758529247799012
ENC,253,2000,4,4,LOC,ERP,2,0,stimuli/fractals/54b.jpg,-0.2373138186471074,0.28498564955766,stimuli/fractals/54b.jpg,stimuli/fractals/54a.jpg,stimuli/fractals/54c.jpg,-0.2373138186471074,0.28498564955766,-0.2984625338792267,-0.2729056064375168,0.006436382938113224,0.4041581092746825,0.3318507934887953,0.02688015702741385
ENC,254,3000,4,4,LOC,LLP,1,5,stimuli/fractals/29b.jpg,0.3709165047290104,0.2793586751279385,stimuli/fractals/29b.jpg,stimuli/fractals/29a.jpg,stimuli/fractals/29c.jpg,0.3709165047290104,0.2793586751279385,0.3726283689442454,-0.280636950633742,0.07639393939342275,-0.01677180728904301,-0.3568927267091136,-0.04693759509949765
ENC,255,6000,4,4,LOC,LLP,1,3,stimuli/fractals/67c.jpg,0.2603588289816347,-0.1369413081926806,stimuli/fractals/67c.jpg,stimuli/fractals/67a.jpg,stimuli/fractals/67b.jpg,0.2603588289816347,-0.1369413081926806,0.1757326566522736,0.2261735471451432,0.00970884615249273,-0.3409833598198573,-0.2936497040320473,-0.3082648450133433
ENC,256,2000,4,4,LOC,LLP,1,4,stimuli/fractals/150c.jpg,-0.1448439612749759,-0.2305472020569072,stimuli/fractals/150c.jpg,stimuli/fractals/150b.jpg,stimuli/fractals/150a.jpg,-0.1448439612749759,-0.2305472020569072,-0.3826596250107822,-0.3225226996660039,0.02803795644038107,-0.01529164919060501,0.2108726782233035,0.4097502278094226
ENC,257,1000,4,4,LOC,ERP,2,0,stimuli/fractals/90a.jpg,-0.04046550496663866,-0.1741468827272508,stimuli/fractals/90a.jpg,stimuli/fractals/90c.jpg,stimuli/fractals/90b.jpg,-0.04046550496663866,-0.1741468827272508,-0.1082773103763919,0.3180532302303658,0.0568698114428073,0.1534839915925589,0.3763382630648361,0.2164841155692424
ENC,258,2000,4,4,LOC,ERP,2,0,stimuli/fractals/115c.jpg,0.07587726053602158,0.07585632879076659,stimuli/fractals/115c.jpg,stimuli/fractals/115b.jpg,stimuli/fractals/115a.jpg,0.07587726053602158,0.07585632879076659,0.334985433336805,0.2063436035777038,0.2971828787878775,0.3247565923919311,-0.361997205880974,-0.3758529247799012
ENC,259,1000,4,4,LOC,LLP,2,0,stimuli/fractals/67c.jpg,0.1757326566522736,0.2261735471451432,stimuli/fractals/67c.jpg,stimuli/fractals/67a.jpg,stimuli/fractals/67b.jpg,0.2603588289816347,-0.1369413081926806,0.1757326566522736,0.2261735471451432,0.00970884615249273,-0.3409833598198573,-0.2936497040320473,-0.3082648450133433
ENC,260,1000,4,4,LOC,LLP,2,0,stimuli/fractals/29b.jpg,0.3726283689442454,-0.280636950633742,stimuli/fractals/29b.jpg,stimuli/fractals/29a.jpg,stimuli/fractals/29c.jpg,0.3709165047290104,0.2793586751279385,0.3726283689442454,-0.280636950633742,0.07639393939342275,-0.01677180728904301,-0.3568927267091136,-0.04693759509949765
ENC,261,2000,4,4,LOC,LLP,2,0,stimuli/fractals/150c.jpg,-0.3826596250107822,-0.3225226996660039,stimuli/fractals/150c.jpg,stimuli/fractals/150b.jpg,stimuli/fractals/150a.jpg,-0.1448439612749759,-0.2305472020569072,-0.3826596250107822,-0.3225226996660039,0.02803795644038107,-0.01529164919060501,0.2108726782233035,0.4097502278094226
ENC,262,2000,4,4,LOC,LLP,1,1,stimuli/fractals/13a.jpg,-0.1895313904683682,-0.3916972782194951,stimuli/fractals/13a.jpg,stimuli/fractals/13c.jpg,stimuli/fractals/13b.jpg,-0.1895313904683682,-0.3916972782194951,0.03959554231678564,-0.3370580705054662,-0.3836661254528009,-0.08659770694306006,0.3656807425527314,0.2713676158555807
ENC,263,2000,4,4,LOC,LLP,1,1,stimuli/fractals/33a.jpg,0.2294010778055923,0.1054748498477179,stimuli/fractals/33a.jpg,stimuli/fractals/33c.jpg,stimuli/fractals/33b.jpg,0.2294010778055923,0.1054748498477179,0.3829774841678806,-0.1538449586721565,0.0445347997400044,-0.2650984034358952,-0.1508914315017993,-0.3825413780122554
ENC,264,5000,4,4,LOC,LLP,2,0,stimuli/fractals/13a.jpg,0.03959554231678564,-0.3370580705054662,stimuli/fractals/13a.jpg,stimuli/fractals/13c.jpg,stimuli/fractals/13b.jpg,-0.1895313904683682,-0.3916972782194951,0.03959554231678564,-0.3370580705054662,-0.3836661254528009,-0.08659770694306006,0.3656807425527314,0.2713676158555807
ENC,265,3000,4,4,LOC,LLP,2,0,stimuli/fractals/33a.jpg,0.3829774841678806,-0.1538449586721565,stimuli/fractals/33a.jpg,stimuli/fractals/33c.jpg,stimuli/fractals/33b.jpg,0.2294010778055923,0.1054748498477179,0.3829774841678806,-0.1538449586721565,0.0445347997400044,-0.2650984034358952,-0.1508914315017993,-0.3825413780122554
ENC,266,3000,4,4,LOC,LLP,1,3,stimuli/fractals/55a.jpg,-0.2494255501909,-0.3075386284086777,stimuli/fractals/55a.jpg,stimuli/fractals/55c.jpg,stimuli/fractals/55b.jpg,-0.2494255501909,-0.3075386284086777,-0.3783597395109188,0.2212846438329088,-0.3257866922515357,0.2914120196407904,0.1093608135199856,0.3937578983611149
ENC,267,2000,4,4,LOC,ERP,1,5,stimuli/fractals/128b.jpg,0.1745386785453063,-0.04462577649638467,stimuli/fractals/128b.jpg,stimuli/fractals/128a.jpg,stimuli/fractals/128c.jpg,0.1745386785453063,-0.04462577649638467,0.071807205811631,0.3114434977060505,0.1090129800592633,-0.4091415456302888,-0.3502617629314705,-0.05746968316138192
ENC,268,1000,4,4,LOC,ERP,1,2,stimuli/fractals/160c.jpg,-0.3851700015838711,-0.2309118097897356,stimuli/fractals/160c.jpg,stimuli/fractals/160b.jpg,stimuli/fractals/160a.jpg,-0.3851700015838711,-0.2309118097897356,-0.3362506081238467,0.3015797302398642,-0.09841775529705353,-0.2679001724915762,0.169313174685613,0.1423986345342656
ENC,269,500,4,4,LOC,LLP,1,6,stimuli/fractals/45a.jpg,0.1939316992417253,-0.03608989275692717,stimuli/fractals/45a.jpg,stimuli/fractals/45b.jpg,stimuli/fractals/45c.jpg,0.1939316992417253,-0.03608989275692717,-0.004952773370781808,-0.4038381828229251,0.2672535738646965,0.3383873635143257,-0.3821207463497559,0.1331907011168766
ENC,270,3000,4,4,LOC,LLP,2,0,stimuli/fractals/55a.jpg,-0.3783597395109188,0.2212846438329088,stimuli/fractals/55a.jpg,stimuli/fractals/55c.jpg,stimuli/fractals/55b.jpg,-0.2494255501909,-0.3075386284086777,-0.3783597395109188,0.2212846438329088,-0.3257866922515357,0.2914120196407904,0.1093608135199856,0.3937578983611149
ENC,271,5000,4,4,LOC,ERP,2,0,stimuli/fractals/160c.jpg,-0.3851700015838711,-0.2309118097897356,stimuli/fractals/160c.jpg,stimuli/fractals/160b.jpg,stimuli/fractals/160a.jpg,-0.3851700015838711,-0.2309118097897356,-0.3362506081238467,0.3015797302398642,-0.09841775529705353,-0.2679001724915762,0.169313174685613,0.1423986345342656
ENC,272,3000,4,4,LOC,LLP,1,4,stimuli/fractals/152a.jpg,0.1574543978739679,-0.3970816130872692,stimuli/fractals/152a.jpg,stimuli/fractals/152b.jpg,stimuli/fractals/152c.jpg,0.1574543978739679,-0.3970816130872692,0.3722717431058695,-0.2673541551076311,0.06717453996881446,-0.01038821455234369,-0.3835296348903795,0.2525161956485486
ENC,273,4000,4,4,LOC,ERP,2,0,stimuli/fractals/128b.jpg,0.1745386785453063,-0.04462577649638467,stimuli/fractals/128b.jpg,stimuli/fractals/128a.jpg,stimuli/fractals/128c.jpg,0.1745386785453063,-0.04462577649638467,0.071807205811631,0.3114434977060505,0.1090129800592633,-0.4091415456302888,-0.3502617629314705,-0.05746968316138192
ENC,274,1000,4,4,LOC,LLP,1,3,stimuli/fractals/151c.jpg,-0.1701263904748896,-0.3096373332789924,stimuli/fractals/151c.jpg,stimuli/fractals/151b.jpg,stimuli/fractals/151a.jpg,-0.1701263904748896,-0.3096373332789924,-0.3153425043748044,0.2425039621076553,-0.3354021034927122,0.02873186622918987,0.2913477509072816,0.359097046109853
ENC,275,1000,4,4,LOC,LLP,1,6,stimuli/fractals/66a.jpg,0.07411064548691329,0.305553041857359,stimuli/fractals/66a.jpg,stimuli/fractals/66b.jpg,stimuli/fractals/66c.jpg,0.07411064548691329,0.305553041857359,0.3088473699605163,-0.07886935960080166,-0.04545063426942075,-0.2251612669228439,-0.2097694527532869,-0.3834918967682986
ENC,276,6000,4,4,LOC,LLP,2,0,stimuli/fractals/45a.jpg,-0.004952773370781808,-0.4038381828229251,stimuli/fractals/45a.jpg,stimuli/fractals/45b.jpg,stimuli/fractals/45c.jpg,0.1939316992417253,-0.03608989275692717,-0.004952773370781808,-0.4038381828229251,0.2672535738646965,0.3383873635143257,-0.3821207463497559,0.1331907011168766
ENC,277,4000,4,4,LOC,LLP,2,0,stimuli/fractals/152a.jpg,0.3722717431058695,-0.2673541551076311,stimuli/fractals/152a.jpg,stimuli/fractals/152b.jpg,stimuli/fractals/152c.jpg,0.1574543978739679,-0.3970816130872692,0.3722717431058695,-0.2673541551076311,0.06717453996881446,-0.01038821455234369,-0.3835296348903795,0.2525161956485486
ENC,278,3000,4,4,LOC,LLP,2,0,stimuli/fractals/151c.jpg,-0.3153425043748044,0.2425039621076553,stimuli/fractals/151c.jpg,stimuli/fractals/151b.jpg,stimuli/fractals/151a.jpg,-0.1701263904748896,-0.3096373332789924,-0.3153425043748044,0.2425039621076553,-0.3354021034927122,0.02873186622918987,0.2913477509072816,0.359097046109853
ENC,279,2000,4,4,LOC,LLP,1,1,stimuli/fractals/20c.jpg,0.1773013151053577,0.1461986972660121,stimuli/fractals/20c.jpg,stimuli/fractals/20a.jpg,stimuli/fractals/20b.jpg,0.1773013151053577,0.1461986972660121,0.3797399570002913,0.3634022358239438,-0.01059051045523537,-0.25629106204909,-0.3206274648957522,0.1874944779250577
ENC,280,6000,4,4,LOC,LLP,1,2,stimuli/fractals/119b.jpg,0.193331160896784,-0.2470574360263642,stimuli/fractals/119b.jpg,stimuli/fractals/119a.jpg,stimuli/fractals/119c.jpg,0.193331160896784,-0.2470574360263642,0.3829301398431325,0.1147459292296678,-0.06692442062558802,-0.1228635027094892,-0.1761532388248925,0.3287531218353183
ENC,281,3000,4,4,LOC,LLP,2,0,stimuli/fractals/20c.jpg,0.3797399570002913,0.3634022358239438,stimuli/fractals/20c.jpg,stimuli/fractals/20a.jpg,stimuli/fractals/20b.jpg,0.1773013151053577,0.1461986972660121,0.3797399570002913,0.3634022358239438,-0.01059051045523537,-0.25629106204909,-0.3206274648957522,0.1874944779250577
ENC,282,8000,4,4,LOC,LLP,2,0,stimuli/fractals/66a.jpg,0.3088473699605163,-0.07886935960080166,stimuli/fractals/66a.jpg,stimuli/fractals/66b.jpg,stimuli/fractals/66c.jpg,0.07411064548691329,0.305553041857359,0.3088473699605163,-0.07886935960080166,-0.04545063426942075,-0.2251612669228439,-0.2097694527532869,-0.3834918967682986
ENC,283,2000,4,4,LOC,LLP,2,0,stimuli/fractals/119b.jpg,0.3829301398431325,0.1147459292296678,stimuli/fractals/119b.jpg,stimuli/fractals/119a.jpg,stimuli/fractals/119c.jpg,0.193331160896784,-0.2470574360263642,0.3829301398431325,0.1147459292296678,-0.06692442062558802,-0.1228635027094892,-0.1761532388248925,0.3287531218353183
ENC,284,1000,4,4,LOC,ERP,1,4,stimuli/fractals/100a.jpg,-0.00988711504202661,0.05389735328664342,stimuli/fractals/100a.jpg,stimuli/fractals/100c.jpg,stimuli/fractals/100b.jpg,-0.00988711504202661,0.05389735328664342,-0.2809963062261798,0.3601750806278479,-0.2608339161193239,0.2230460055215249,0.3845216129305669,-0.4115895462412502
ENC,285,1000,4,4,LOC,LLP,1,2,stimuli/fractals/63c.jpg,0.298888503705001,0.01412455828033564,stimuli/fractals/63c.jpg,stimuli/fractals/63a.jpg,stimuli/fractals/63b.jpg,0.298888503705001,0.01412455828033564,0.3671743896913694,-0.3584400900331204,0.1373765480532892,-0.3274640175486071,-0.3118941464021063,-0.3445393229386697
ENC,286,2000,4,4,LOC,ERP,1,4,stimuli/fractals/10b.jpg,-0.2953298412140883,0.2719263239040095,stimuli/fractals/10b.jpg,stimuli/fractals/10a.jpg,stimuli/fractals/10c.jpg,-0.2953298412140883,0.2719263239040095,-0.346356089012092,-0.1327334072561342,-0.2360257217508651,-0.1957008468853431,0.1358501966354314,-0.4075586361449523
ENC,287,1000,4,4,LOC,LLP,1,2,stimuli/fractals/83b.jpg,-0.09779427661284862,0.01155995715779417,stimuli/fractals/83b.jpg,stimuli/fractals/83c.jpg,stimuli/fractals/83a.jpg,-0.09779427661284862,0.01155995715779417,-0.3834872921775067,0.342068278742607,0.1754051156227656,-0.2071117694460751,0.3648117994357735,0.184257110546149
ENC,288,500,4,4,LOC,LLP,2,0,stimuli/fractals/63c.jpg,0.3671743896913694,-0.3584400900331204,stimuli/fractals/63c.jpg,stimuli/fractals/63a.jpg,stimuli/fractals/63b.jpg,0.298888503705001,0.01412455828033564,0.3671743896913694,-0.3584400900331204,0.1373765480532892,-0.3274640175486071,-0.3118941464021063,-0.3445393229386697
ENC,289,1000,4,4,LOC,ERP,2,0,stimuli/fractals/100a.jpg,-0.00988711504202661,0.05389735328664342,stimuli/fractals/100a.jpg,stimuli/fractals/100c.jpg,stimuli/fractals/100b.jpg,-0.00988711504202661,0.05389735328664342,-0.2809963062261798,0.3601750806278479,-0.2608339161193239,0.2230460055215249,0.3845216129305669,-0.4115895462412502
ENC,290,3000,4,4,LOC,LLP,2,0,stimuli/fractals/83b.jpg,-0.3834872921775067,0.342068278742607,stimuli/fractals/83b.jpg,stimuli/fractals/83c.jpg,stimuli/fractals/83a.jpg,-0.09779427661284862,0.01155995715779417,-0.3834872921775067,0.342068278742607,0.1754051156227656,-0.2071117694460751,0.3648117994357735,0.184257110546149
ENC,291,3000,4,4,LOC,ERP,2,0,stimuli/fractals/10b.jpg,-0.2953298412140883,0.2719263239040095,stimuli/fractals/10b.jpg,stimuli/fractals/10a.jpg,stimuli/fractals/10c.jpg,-0.2953298412140883,0.2719263239040095,-0.346356089012092,-0.1327334072561342,-0.2360257217508651,-0.1957008468853431,0.1358501966354314,-0.4075586361449523
ENC,292,2000,4,4,LOC,LLP,1,6,stimuli/fractals/98c.jpg,0.1959273695391515,0.3449067568399157,stimuli/fractals/98c.jpg,stimuli/fractals/98a.jpg,stimuli/fractals/98b.jpg,0.1959273695391515,0.3449067568399157,0.3641176734566881,0.09035067725270665,-0.003391620712745909,0.175224177866293,-0.3663177278643551,0.04876613213286652
ENC,293,1000,4,4,LOC,ERP,1,3,stimuli/fractals/75c.jpg,0.2592754838936616,0.1481351397211648,stimuli/fractals/75c.jpg,stimuli/fractals/75b.jpg,stimuli/fractals/75a.jpg,0.2592754838936616,0.1481351397211648,0.2588142504639074,-0.2273397518460366,0.178991127373699,-0.2517805060360089,-0.3293406457977807,0.3374308422869725
ENC,294,5000,4,4,LOC,LLP,1,6,stimuli/fractals/110b.jpg,0.2979929871206435,-0.2062578578445187,stimuli/fractals/110b.jpg,stimuli/fractals/110a.jpg,stimuli/fractals/110c.jpg,0.2979929871206435,-0.2062578578445187,0.08311206330934708,0.2416830405998202,0.1270704597179758,0.160136609878914,-0.372891309446923,-0.3135964228881134
ENC,295,7000,4,4,LOC,LLP,1,2,stimuli/fractals/61c.jpg,0.02602766815512426,0.08907376663735754,stimuli/fractals/61c.jpg,stimuli/fractals/61b.jpg,stimuli/fractals/61a.jpg,0.02602766815512426,0.08907376663735754,0.3271542964464418,0.1031141191693554,0.1993878067207857,0.2945974926436604,-0.3788256514258008,-0.3631889967873191
ENC,296,1000,4,4,LOC,BL,0,0,stimuli/fractals/5c.jpg,-0.1520490145401148,0.4021254249749862,stimuli/fractals/5c.jpg,stimuli/fractals/5b.jpg,stimuli/fractals/5a.jpg,-0.1520490145401148,0.4021254249749862,0.1502268245518335,0.04468739188418927,0.06894345071999056,0.2945845306996054,-0.3168507996899571,-0.3951299573650755
ENC,297,4000,4,4,LOC,ERP,2,0,stimuli/fractals/75c.jpg,-0.1520490145401148,0.4021254249749862,stimuli/fractals/75c.jpg,stimuli/fractals/75b.jpg,stimuli/fractals/75a.jpg,-0.1520490145401148,0.4021254249749862,0.1502268245518335,0.04468739188418927,0.06894345071999056,0.2945845306996054,-0.3168507996899571,-0.3951299573650755
ENC,298,1000,4,4,LOC,LLP,2,0,stimuli/fractals/61c.jpg,0.3271542964464418,0.1031141191693554,stimuli/fractals/61c.jpg,stimuli/fractals/61b.jpg,stimuli/fractals/61a.jpg,0.02602766815512426,0.08907376663735754,0.3271542964464418,0.1031141191693554,0.1993878067207857,0.2945974926436604,-0.3788256514258008,-0.3631889967873191
ENC,299,3000,4,4,LOC,LLP,2,0,stimuli/fractals/98c.jpg,0.3641176734566881,0.09035067725270665,stimuli/fractals/98c.jpg,stimuli/fractals/98a.jpg,stimuli/fractals/98b.jpg,0.1959273695391515,0.3449067568399157,0.3641176734566881,0.09035067725270665,-0.003391620712745909,0.175224177866293,-0.3663177278643551,0.04876613213286652
ENC,300,1000,4,4,LOC,LLP,1,2,stimuli/fractals/155a.jpg,-0.2689117888583845,-0.3295787018989386,stimuli/fractals/155a.jpg,stimuli/fractals/155b.jpg,stimuli/fractals/155c.jpg,-0.2689117888583845,-0.3295787018989386,-0.3680419143452618,0.2800371831044325,-0.04278881186568272,-0.009846924150944595,0.3396652142350896,0.3715297641235326
ENC,301,500,4,4,LOC,LLP,2,0,stimuli/fractals/110b.jpg,0.08311206330934708,0.2416830405998202,stimuli/fractals/110b.jpg,stimuli/fractals/110a.jpg,stimuli/fractals/110c.jpg,0.2979929871206435,-0.2062578578445187,0.08311206330934708,0.2416830405998202,0.1270704597179758,0.160136609878914,-0.372891309446923,-0.3135964228881134
ENC,302,1000,4,4,LOC,LLP,1,1,stimuli/fractals/62c.jpg,-0.01075896297191257,0.1923750574318044,stimuli/fractals/62c.jpg,stimuli/fractals/62a.jpg,stimuli/fractals/62b.jpg,-0.01075896297191257,0.1923750574318044,0.1781473058093303,-0.1598600314150296,-0.08242661349119047,-0.320605579395811,-0.3899352332175096,-0.343853639691154
ENC,303,3000,4,4,LOC,LLP,2,0,stimuli/fractals/155a.jpg,-0.3680419143452618,0.2800371831044325,stimuli/fractals/155a.jpg,stimuli/fractals/155b.jpg,stimuli/fractals/155c.jpg,-0.2689117888583845,-0.3295787018989386,-0.3680419143452618,0.2800371831044325,-0.04278881186568272,-0.009846924150944595,0.3396652142350896,0.3715297641235326
ENC,304,3000,4,4,LOC,LLP,2,0,stimuli/fractals/62c.jpg,0.1781473058093303,-0.1598600314150296,stimuli/fractals/62c.jpg,stimuli/fractals/62a.jpg,stimuli/fractals/62b.jpg,-0.01075896297191257,0.1923750574318044,0.1781473058093303,-0.1598600314150296,-0.08242661349119047,-0.320605579395811,-0.3899352332175096,-0.343853639691154
